pixel,gps_true,drone_gps,drone_attitude
"(472, 234)","(-35.3632612, 149.1652381, 9.57)","(-35.36333608992153, 149.16520872603311, 0)","(-0.0015953687252476811, -0.00031987205147743225, 3.4685829321490687)"
"(473, 235)","(-35.3632612, 149.1652381, 9.57)","(-35.36333646391918, 149.16520833496412, 0)","(-0.0016540383221581578, -0.001385766314342618, 3.4686394373523157)"
"(472, 236)","(-35.3632612, 149.1652381, 9.57)","(-35.36333608130416, 149.16520764902083, 0)","(0.0009118129964917898, -0.0017692173132672906, 3.468663994465963)"
"(472, 240)","(-35.3632612, 149.1652381, 9.57)","(-35.36333624918334, 149.16520802664948, 0)","(-0.005260020028799772, -0.002084695268422365, 3.46869403520693)"
"(472, 236)","(-35.3632612, 149.1652381, 9.57)","(-35.36333635108991, 149.1652080176461, 0)","(-0.00120087293908, -0.0026108180172741413, 3.468882147465841)"
"(471, 236)","(-35.3632612, 149.1652381, 9.57)","(-35.36333603871417, 149.1652077155363, 0)","(0.0006610497366636992, -0.002803187817335129, 3.468858305607931)"
"(471, 240)","(-35.3632612, 149.1652381, 9.57)","(-35.36333608504603, 149.1652080242796, 0)","(-0.005001199897378683, -0.0026028186548501253, 3.4689047972308558)"
"(471, 237)","(-35.3632612, 149.1652381, 9.57)","(-35.363335955983196, 149.16520777773366, 0)","(-0.0005134497187100351, -0.0022991348523646593, 3.4688311258899134)"
"(471, 237)","(-35.3632612, 149.1652381, 9.57)","(-35.36333580797213, 149.16520744702453, 0)","(0.0011483392445370555, -0.0020155319944024086, 3.468940083180563)"
"(471, 240)","(-35.3632612, 149.1652381, 9.57)","(-35.363335870842, 149.16520794067162, 0)","(-0.004253491293638945, -0.0016414980636909604, 3.468875233327047)"
"(472, 235)","(-35.3632612, 149.1652381, 9.57)","(-35.36333611632544, 149.16520795043368, 0)","(0.0005579281714744866, -0.0015140344621613622, 3.468926493321554)"
"(472, 236)","(-35.3632612, 149.1652381, 9.57)","(-35.363335992460556, 149.16520758879642, 0)","(0.001255755894817412, -0.0013947179540991783, 3.469003979359762)"
"(472, 239)","(-35.3632612, 149.1652381, 9.57)","(-35.36333607630626, 149.16520805854057, 0)","(-0.0040587978437542915, -0.0011591236107051373, 3.4688363710986536)"
"(472, 235)","(-35.3632612, 149.1652381, 9.57)","(-35.36333604103876, 149.16520792461984, 0)","(0.0007550562731921673, -0.0011702009942382574, 3.469149176274435)"
"(472, 237)","(-35.3632612, 149.1652381, 9.57)","(-35.3633359391349, 149.1652075086933, 0)","(0.0006482989410869777, -0.0012375452788546681, 3.468940321599142)"
"(472, 239)","(-35.3632612, 149.1652381, 9.57)","(-35.36333612525563, 149.16520811103646, 0)","(-0.00440297182649374, -0.0013312915107235312, 3.468980852757589)"
"(472, 234)","(-35.3632612, 149.1652381, 9.57)","(-35.36333608922015, 149.1652080280881, 0)","(0.0013398645678535104, -0.0012704525142908096, 3.46889573732485)"
"(472, 236)","(-35.3632612, 149.1652381, 9.57)","(-35.36333605403111, 149.16520784608846, 0)","(3.526487125782296e-05, -0.0013449315447360277, 3.4690261522876185)"
"(472, 239)","(-35.3632612, 149.1652381, 9.57)","(-35.36333611453512, 149.16520813181077, 0)","(-0.004484496545046568, -0.0012583176139742136, 3.469032112752096)"
"(472, 234)","(-35.3632612, 149.1652381, 9.57)","(-35.363336087921056, 149.16520803304425, 0)","(0.0012910956284031272, -0.001266623381525278, 3.469032351170675)"
"(472, 236)","(-35.3632612, 149.1652381, 9.57)","(-35.363336078980225, 149.16520801659973, 0)","(-0.000733537832275033, -0.0012425528839230537, 3.468985382710592)"
"(472, 239)","(-35.3632612, 149.1652381, 9.57)","(-35.36333610177487, 149.1652081499359, 0)","(-0.004546708427369595, -0.001168543822132051, 3.469064776097433)"
"(472, 234)","(-35.3632612, 149.1652381, 9.57)","(-35.36333606609862, 149.16520796617007, 0)","(0.0016023756470531225, -0.0012500130105763674, 3.469102207814352)"
"(472, 238)","(-35.3632612, 149.1652381, 9.57)","(-35.363336013843096, 149.16520781152767, 0)","(-0.0018499258439987898, -0.0012002192670479417, 3.4689512888537806)"
"(473, 238)","(-35.3632612, 149.1652381, 9.57)","(-35.363336352947705, 149.1652081245252, 0)","(-0.003851691260933876, -0.0011056846706196666, 3.46918231645693)"
"(472, 234)","(-35.3632612, 149.1652381, 9.57)","(-35.36333604876637, 149.16520788798127, 0)","(0.001965980976819992, -0.0012617582688108087, 3.469118897114889)"
"(472, 239)","(-35.3632612, 149.1652381, 9.57)","(-35.36333600422197, 149.16520773859358, 0)","(-0.0026036498602479696, -0.0012426499743014574, 3.4690614382373255)"
"(473, 238)","(-35.3632612, 149.1652381, 9.57)","(-35.36333635654066, 149.16520797632208, 0)","(-0.0032162806019186974, -0.0013312767259776592, 3.4691601435290735)"
"(472, 234)","(-35.3632612, 149.1652381, 9.57)","(-35.36333604187492, 149.1652078128662, 0)","(0.0023323637433350086, -0.0013327202759683132, 3.4689744154559534)"
"(472, 238)","(-35.3632612, 149.1652381, 9.57)","(-35.363336092747765, 149.1652080781949, 0)","(-0.0031552063301205635, -0.0012136868899688125, 3.469036881123678)"
"(473, 236)","(-35.3632612, 149.1652381, 9.57)","(-35.36333646044746, 149.16520838438188, 0)","(-0.0030267145484685898, -0.0012946450151503086, 3.4691248575793665)"
"(472, 234)","(-35.3632612, 149.1652381, 9.57)","(-35.36333601955246, 149.16520778745144, 0)","(0.0024451131466776133, -0.0012655702885240316, 3.4691415468799036)"
"(472, 239)","(-35.3632612, 149.1652381, 9.57)","(-35.36333596790504, 149.16520761843438, 0)","(-0.0020595344249159098, -0.0012479311553761363, 3.469231907521383)"
"(473, 237)","(-35.3632612, 149.1652381, 9.57)","(-35.363336435474736, 149.16520832854115, 0)","(-0.003806803375482559, -0.0012567247031256557, 3.4691413084613245)"
"(472, 235)","(-35.3632612, 149.1652381, 9.57)","(-35.36333598572, 149.16520766818482, 0)","(0.0019358197459951043, -0.0012707783607766032, 3.46924072900881)"
"(472, 239)","(-35.3632612, 149.1652381, 9.57)","(-35.36333600137528, 149.1652076919989, 0)","(-0.0024302068632096052, -0.0013136152410879731, 3.4692073504077356)"
"(473, 236)","(-35.3632612, 149.1652381, 9.57)","(-35.363336474005564, 149.1652084824638, 0)","(-0.0035011647269129753, -0.001245221239514649, 3.469253126774923)"
"(472, 234)","(-35.3632612, 149.1652381, 9.57)","(-35.36333596704985, 149.16520785837082, 0)","(0.0022358312271535397, -0.0009227620903402567, 3.4691315332995813)"
"(473, 239)","(-35.3632612, 149.1652381, 9.57)","(-35.363336155086834, 149.16520786194735, 0)","(-0.0034054548013955355, -0.0005090220947749913, 3.4690633455859583)"
"(473, 236)","(-35.3632612, 149.1652381, 9.57)","(-35.36333621825288, 149.16520824615802, 0)","(-0.002007559407502413, -0.00029041312518529594, 3.469153944646017)"
"(473, 234)","(-35.3632612, 149.1652381, 9.57)","(-35.36333608974225, 149.16520772302002, 0)","(0.002581607550382614, -0.0003779576509259641, 3.4692042509662073)"
"(473, 239)","(-35.3632612, 149.1652381, 9.57)","(-35.36333615436275, 149.16520783012538, 0)","(-0.0032795066945254803, -0.0005496374214999378, 3.469119373952047)"
"(473, 235)","(-35.3632612, 149.1652381, 9.57)","(-35.36333635567326, 149.16520838174722, 0)","(-0.0017915093339979649, -0.0007820129976607859, 3.469231907521383)"
"(472, 234)","(-35.3632612, 149.1652381, 9.57)","(-35.36333597925926, 149.1652078679267, 0)","(0.0021543048787862062, -0.0009601746569387615, 3.4692187944995325)"
"(473, 239)","(-35.3632612, 149.1652381, 9.57)","(-35.363336277826555, 149.16520791421496, 0)","(-0.0038630978669971228, -0.001032428233884275, 3.4691291491137903)"
"(473, 236)","(-35.3632612, 149.1652381, 9.57)","(-35.36333639795432, 149.16520813828075, 0)","(-0.0018809300381690264, -0.0013242666609585285, 3.4692328611956995)"
"(472, 236)","(-35.3632612, 149.1652381, 9.57)","(-35.363336091828806, 149.16520755699275, 0)","(0.0011818590573966503, -0.0019491417333483696, 3.4691558519946497)"
"(472, 239)","(-35.3632612, 149.1652381, 9.57)","(-35.36333629177883, 149.16520804557885, 0)","(-0.004463749937713146, -0.002269980264827609, 3.46918756166567)"
"(472, 236)","(-35.3632612, 149.1652381, 9.57)","(-35.36333629566673, 149.16520807144212, 0)","(-0.0014142838772386312, -0.002254691906273365, 3.469255034123556)"
"(472, 235)","(-35.3632612, 149.1652381, 9.57)","(-35.36333620455708, 149.1652078100718, 0)","(0.0009428227785974741, -0.0021633754950016737, 3.46920615831484)"
"(471, 239)","(-35.3632612, 149.1652381, 9.57)","(-35.36333603884193, 149.16520826043404, 0)","(-0.004935700446367264, -0.0020485480781644583, 3.469194475804464)"
"(472, 236)","(-35.3632612, 149.1652381, 9.57)","(-35.363336229301076, 149.16520797171083, 0)","(-0.0008675465360283852, -0.002050053793936968, 3.469257418309347)"
"(471, 237)","(-35.3632612, 149.1652381, 9.57)","(-35.36333580719696, 149.1652074749685, 0)","(0.0009740537498146296, -0.001972044352442026, 3.4691980520831507)"
"(471, 239)","(-35.3632612, 149.1652381, 9.57)","(-35.36333601848622, 149.1652082346608, 0)","(-0.004791737999767065, -0.001971792196854949, 3.469210211430685)"
"(471, 235)","(-35.3632612, 149.1652381, 9.57)","(-35.36333599188414, 149.16520819154277, 0)","(-0.00031975991441868246, -0.0019009431125596166, 3.46922737756838)"
"(472, 236)","(-35.3632612, 149.1652381, 9.57)","(-35.36333605797571, 149.16520769839605, 0)","(0.0006296524661593139, -0.0015706896083429456, 3.469179932271139)"
"(472, 239)","(-35.3632612, 149.1652381, 9.57)","(-35.36333618181053, 149.16520822000095, 0)","(-0.005018765106797218, -0.0014621104346588254, 3.469196144734518)"
"(472, 235)","(-35.3632612, 149.1652381, 9.57)","(-35.36333607806431, 149.16520792601025, 0)","(0.0006527056102640927, -0.001353949774056673, 3.4692891279803675)"
"(472, 237)","(-35.3632612, 149.1652381, 9.57)","(-35.363335986144754, 149.16520760160665, 0)","(0.00011040973186027259, -0.0013436456210911274, 3.4691928068744105)"
"(472, 239)","(-35.3632612, 149.1652381, 9.57)","(-35.363336121568416, 149.1652081423771, 0)","(-0.004597307648509741, -0.0012671597069129348, 3.4692869822131556)"
"(472, 234)","(-35.3632612, 149.1652381, 9.57)","(-35.36333607026654, 149.16520806748238, 0)","(0.0011114926310256124, -0.0011177220148965716, 3.469325367604391)"
"(472, 236)","(-35.3632612, 149.1652381, 9.57)","(-35.36333608014462, 149.16520803080232, 0)","(-0.0008528133039362729, -0.001216893782839179, 3.469246212636129)"
"(473, 238)","(-35.3632612, 149.1652381, 9.57)","(-35.36333634226387, 149.16520824173875, 0)","(-0.004360302351415157, -0.0008871294558048248, 3.4692919890033167)"
"(472, 234)","(-35.3632612, 149.1652381, 9.57)","(-35.36333599231139, 149.16520800401534, 0)","(0.00153742462862283, -0.0008145682513713837, 3.4692607561694544)"
"(473, 238)","(-35.3632612, 149.1652381, 9.57)","(-35.36333611904809, 149.16520748663012, 0)","(-0.0007210769108496606, -0.0008207584032788873, 3.4693146387683313)"
"(473, 239)","(-35.3632612, 149.1652381, 9.57)","(-35.36333628183751, 149.1652079987086, 0)","(-0.00427562789991498, -0.0009333710186183453, 3.469323221837179)"
"(472, 233)","(-35.3632612, 149.1652381, 9.57)","(-35.36333605787044, 149.1652081440154, 0)","(0.0018624349031597376, -0.0009598860051482916, 3.469337765370504)"
"(473, 236)","(-35.3632612, 149.1652381, 9.57)","(-35.36333622206212, 149.16520771072882, 0)","(0.0002649124071467668, -0.0010480490745976567, 3.4692588488208216)"
"(473, 238)","(-35.3632612, 149.1652381, 9.57)","(-35.363336364411985, 149.16520824166727, 0)","(-0.004411999136209488, -0.0010190329048782587, 3.469346586857931)"
"(472, 233)","(-35.3632612, 149.1652381, 9.57)","(-35.363336081215685, 149.16520814354416, 0)","(0.0018427498871460557, -0.001099220011383295, 3.469242874776022)"
"(472, 239)","(-35.3632612, 149.1652381, 9.57)","(-35.36333590335662, 149.16520733287393, 0)","(-0.0007187402807176113, -0.0013324515894055367, 3.4692400137530726)"
"(473, 237)","(-35.3632612, 149.1652381, 9.57)","(-35.363336440403955, 149.1652083652828, 0)","(-0.0040163262747228146, -0.0012390464544296265, 3.4693363348590296)"
"(472, 233)","(-35.3632612, 149.1652381, 9.57)","(-35.36333598099189, 149.16520814095318, 0)","(0.0020055125933140516, -0.0005976395914331079, 3.4693694750415247)"
"(473, 237)","(-35.3632612, 149.1652381, 9.57)","(-35.36333611590311, 149.1652077976032, 0)","(-0.0009745935094542801, -0.00040202532545663416, 3.4692350069629114)"
"(473, 236)","(-35.3632612, 149.1652381, 9.57)","(-35.363336262317, 149.16520837778768, 0)","(-0.0026904335245490074, -0.00032651881338097155, 3.469330612813131)"
"(473, 233)","(-35.3632612, 149.1652381, 9.57)","(-35.36333616197325, 149.16520798706827, 0)","(0.00234774686396122, -0.00037281945697031915, 3.46934420267214)"
"(473, 238)","(-35.3632612, 149.1652381, 9.57)","(-35.36333618467275, 149.16520791205974, 0)","(-0.0026612996589392424, -0.0005871076136827469, 3.469286028538839)"
"(473, 236)","(-35.3632612, 149.1652381, 9.57)","(-35.36333637689741, 149.16520832575682, 0)","(-0.002672603353857994, -0.000975833972916007, 3.469337288533346)"
"(472, 234)","(-35.3632612, 149.1652381, 9.57)","(-35.36333601041621, 149.1652078912626, 0)","(0.001971509540453553, -0.001083812559954822, 3.4693430105792444)"
"(473, 238)","(-35.3632612, 149.1652381, 9.57)","(-35.36333637154965, 149.1652080801716, 0)","(-0.003719805274158716, -0.0012814415385946631, 3.469297234212057)"
"(472, 234)","(-35.3632612, 149.1652381, 9.57)","(-35.363336301946845, 149.1652088239377, 0)","(-0.002553739817813039, -0.0012331759789958596, 3.4693260828601282)"
"(472, 233)","(-35.3632612, 149.1652381, 9.57)","(-35.363336191804386, 149.1652080706999, 0)","(0.001942983828485012, -0.0017366831889376044, 3.4693167845355433)"
"(472, 239)","(-35.3632612, 149.1652381, 9.57)","(-35.36333629392683, 149.16520800722134, 0)","(-0.004321091342717409, -0.002334012882784009, 3.469271961842672)"
"(472, 236)","(-35.3632612, 149.1652381, 9.57)","(-35.363336395747105, 149.16520834489495, 0)","(-0.002783970907330513, -0.0023745906073600054, 3.4693289438830774)"
"(471, 236)","(-35.3632612, 149.1652381, 9.57)","(-35.363335903195356, 149.16520762489395, 0)","(0.0011878720251843333, -0.0022461414337158203, 3.4693425337420862)"
"(471, 239)","(-35.3632612, 149.1652381, 9.57)","(-35.36333607127018, 149.16520817178974, 0)","(-0.004629934672266245, -0.0023251574020832777, 3.469276014958517)"
"(471, 235)","(-35.3632612, 149.1652381, 9.57)","(-35.36333607745555, 149.16520844620177, 0)","(-0.00220083212479949, -0.0023369938135147095, 3.4693480173694056)"
"(471, 235)","(-35.3632612, 149.1652381, 9.57)","(-35.363335857709, 149.16520781903307, 0)","(0.0009037701529450715, -0.002110295230522752, 3.469266716633932)"
"(471, 239)","(-35.3632612, 149.1652381, 9.57)","(-35.36333591025422, 149.1652082416485, 0)","(-0.0052421810105443, -0.0017802967922762036, 3.4692350069629114)"
"(472, 236)","(-35.3632612, 149.1652381, 9.57)","(-35.36333606833442, 149.16520798852846, 0)","(-0.0012889846693724394, -0.001579070813022554, 3.4693878332721155)"
"(472, 236)","(-35.3632612, 149.1652381, 9.57)","(-35.3633359236792, 149.16520754457568, 0)","(0.0008655407000333071, -0.0014724588254466653, 3.4694417158709925)"
"(472, 239)","(-35.3632612, 149.1652381, 9.57)","(-35.36333609723755, 149.16520822328175, 0)","(-0.005534500349313021, -0.001393718528561294, 3.469400946293966)"
"(472, 234)","(-35.3632612, 149.1652381, 9.57)","(-35.36333612565818, 149.1652085438819, 0)","(-0.0016686746384948492, -0.0010907547548413277, 3.469443146382467)"
"(472, 236)","(-35.3632612, 149.1652381, 9.57)","(-35.36333590269268, 149.16520769744673, 0)","(0.0002677440061233938, -0.0011532974895089865, 3.469341818486349)"
"(472, 239)","(-35.3632612, 149.1652381, 9.57)","(-35.363336033318106, 149.16520822690137, 0)","(-0.00541931064799428, -0.0010675200028344989, 3.469323698674337)"
"(472, 235)","(-35.3632612, 149.1652381, 9.57)","(-35.3633360228625, 149.1652081506497, 0)","(-0.0008365847752429545, -0.0011243560584262013, 3.469354216252462)"
"(472, 237)","(-35.3632612, 149.1652381, 9.57)","(-35.363335820138815, 149.16520751919555, 0)","(0.00012199654884170741, -0.000986380036920309, 3.469335381184713)"
"(472, 239)","(-35.3632612, 149.1652381, 9.57)","(-35.36333605307756, 149.16520825964471, 0)","(-0.005596803966909647, -0.0011313451686874032, 3.4693291823016565)"
"(472, 234)","(-35.3632612, 149.1652381, 9.57)","(-35.36333610417962, 149.16520830032943, 0)","(-0.0010093607706949115, -0.0011945904698222876, 3.4694231192218226)"
"(472, 236)","(-35.3632612, 149.1652381, 9.57)","(-35.36333592304818, 149.16520774018562, 0)","(-0.0003847703046631068, -0.0010765420738607645, 3.4693523089038294)"
"(327, 228)","(-35.3632612, 149.1652381, 9.57)","(-35.36326006003142, 149.16523453370198, 0)","(0.0022400214802473783, 0.00204878649674356, 0.2837117314338684)"
"(325, 228)","(-35.3632612, 149.1652381, 9.57)","(-35.36325988407539, 149.16523392418534, 0)","(-0.003073862288147211, -0.0024430553894490004, 0.28361204266548157)"
"(318, 223)","(-35.3632612, 149.1652381, 9.57)","(-35.36326051123266, 149.16523327481502, 0)","(-0.0017998816911131144, -0.005053457338362932, 0.2834091782569885)"
"(316, 224)","(-35.3632612, 149.1652381, 9.57)","(-35.363260880389014, 149.16523372106147, 0)","(0.002746144076809287, -0.006391799543052912, 0.2832050323486328)"
"(315, 227)","(-35.3632612, 149.1652381, 9.57)","(-35.363261009944665, 149.1652333968526, 0)","(-0.0022995853796601295, -0.006922125816345215, 0.28308090567588806)"
"(314, 223)","(-35.3632612, 149.1652381, 9.57)","(-35.36326111486429, 149.1652330416316, 0)","(4.19895259256009e-05, -0.006567720323801041, 0.2828916311264038)"
"(314, 223)","(-35.3632612, 149.1652381, 9.57)","(-35.36326139428802, 149.1652333820263, 0)","(0.0035736931022256613, -0.005511018447577953, 0.2828384339809418)"
"(315, 226)","(-35.3632612, 149.1652381, 9.57)","(-35.36326130587233, 149.16523304651824, 0)","(-0.002810019301250577, -0.004194061271846294, 0.2827872633934021)"
"(315, 222)","(-35.3632612, 149.1652381, 9.57)","(-35.36326135646569, 149.16523281724045, 0)","(-0.0004111021407879889, -0.003075258107855916, 0.28255850076675415)"
"(316, 223)","(-35.3632612, 149.1652381, 9.57)","(-35.363261424033034, 149.16523326954302, 0)","(0.002688048407435417, -0.0020845758263021708, 0.2825314998626709)"
"(317, 227)","(-35.3632612, 149.1652381, 9.57)","(-35.363261306593266, 149.16523307266831, 0)","(-0.0036375003401190042, -0.0014322253409773111, 0.2823507785797119)"
"(318, 222)","(-35.3632612, 149.1652381, 9.57)","(-35.363261064273175, 149.16523284718338, 0)","(-0.0007433670689351857, -0.0009736201609484851, 0.28219279646873474)"
"(318, 224)","(-35.3632612, 149.1652381, 9.57)","(-35.3632611981621, 149.16523336581577, 0)","(0.0020777329336851835, -0.0008532795473001897, 0.2821666896343231)"
"(319, 227)","(-35.3632612, 149.1652381, 9.57)","(-35.36326103585674, 149.16523319375793, 0)","(-0.0031074064318090677, -0.0007416997686959803, 0.2821430563926697)"
"(319, 222)","(-35.3632612, 149.1652381, 9.57)","(-35.36326084484931, 149.1652328417012, 0)","(-0.002032431773841381, -0.0005753652658313513, 0.28198179602622986)"
"(320, 223)","(-35.3632612, 149.1652381, 9.57)","(-35.3632608607097, 149.165233455378, 0)","(0.0023136038798838854, -0.0005449304007925093, 0.28187140822410583)"
"(321, 228)","(-35.3632612, 149.1652381, 9.57)","(-35.363260735096574, 149.16523347921353, 0)","(-0.0031697505619376898, -0.0005381436203606427, 0.2816995680332184)"
"(321, 222)","(-35.3632612, 149.1652381, 9.57)","(-35.36326064300569, 149.16523298106418, 0)","(-0.0014392618322744966, -0.00026802255888469517, 0.2815757095813751)"
"(322, 225)","(-35.3632612, 149.1652381, 9.57)","(-35.36326060369542, 149.1652337770181, 0)","(0.002514204476028681, -0.00021431663481052965, 0.2815644443035126)"
"(323, 227)","(-35.3632612, 149.1652381, 9.57)","(-35.36326035246253, 149.16523336805668, 0)","(-0.003954164683818817, -0.0004557942447718233, 0.2816012501716614)"
"(322, 222)","(-35.3632612, 149.1652381, 9.57)","(-35.36326043636868, 149.1652331789107, 0)","(-4.1815532313194126e-05, -0.000500426918733865, 0.28128907084465027)"
"(323, 224)","(-35.3632612, 149.1652381, 9.57)","(-35.363260437478374, 149.16523368186512, 0)","(0.002230073558166623, -0.0003408881020732224, 0.2814478576183319)"
"(324, 227)","(-35.3632612, 149.1652381, 9.57)","(-35.36326023631557, 149.1652334067882, 0)","(-0.003974038176238537, -0.000387522712117061, 0.2813229262828827)"
"(323, 222)","(-35.3632612, 149.1652381, 9.57)","(-35.36326031442281, 149.16523318744325, 0)","(-0.00034390948712825775, -0.0004154271737206727, 0.2811734974384308)"
"(324, 226)","(-35.3632612, 149.1652381, 9.57)","(-35.3632603296407, 149.16523391002738, 0)","(0.0008954478544183075, -0.0004075408214703202, 0.2812276780605316)"
"(324, 228)","(-35.3632612, 149.1652381, 9.57)","(-35.36326027579433, 149.16523351991972, 0)","(-0.0047947708517313, -1.6852551425472484e-06, 0.28107738494873047)"
"(325, 223)","(-35.3632612, 149.1652381, 9.57)","(-35.363260045603255, 149.1652334396625, 0)","(-0.0005947924219071865, 0.0002199374430347234, 0.28103122115135193)"
"(326, 226)","(-35.3632612, 149.1652381, 9.57)","(-35.36326004434372, 149.1652339627413, 0)","(0.0007851180853322148, 0.0003030328662134707, 0.28108498454093933)"
"(325, 228)","(-35.3632612, 149.1652381, 9.57)","(-35.36326005890781, 149.16523361052492, 0)","(-0.0052374075166881084, 0.00018363026902079582, 0.2809953987598419)"
"(325, 223)","(-35.3632612, 149.1652381, 9.57)","(-35.36326000166041, 149.1652335471234, 0)","(-0.0006640556384809315, -0.000272627774393186, 0.2808522880077362)"
"(325, 228)","(-35.3632612, 149.1652381, 9.57)","(-35.36326015153134, 149.16523422290427, 0)","(0.00039510190254077315, -0.0003701461828313768, 0.28086185455322266)"
"(325, 228)","(-35.3632612, 149.1652381, 9.57)","(-35.363259990960756, 149.16523364332676, 0)","(-0.005158605054020882, -0.0006317839142866433, 0.2806967794895172)"
"(324, 224)","(-35.3632612, 149.1652381, 9.57)","(-35.36326009260425, 149.16523373410965, 0)","(-0.0006829779013060033, -0.0009360963595099747, 0.28064030408859253)"
"(324, 228)","(-35.3632612, 149.1652381, 9.57)","(-35.3632602072297, 149.1652342635698, 0)","(5.038517701905221e-05, -0.0010409074602648616, 0.2806823253631592)"
"(323, 229)","(-35.3632612, 149.1652381, 9.57)","(-35.36326022081614, 149.16523376114841, 0)","(-0.005354285705834627, -0.0010445124935358763, 0.28069478273391724)"
"(323, 225)","(-35.3632612, 149.1652381, 9.57)","(-35.36326019718007, 149.1652337913951, 0)","(-0.0009201013017445803, -0.0013767265481874347, 0.28053146600723267)"
"(322, 229)","(-35.3632612, 149.1652381, 9.57)","(-35.36326040402194, 149.16523422251709, 0)","(-0.0007603212725371122, -0.0016617049695923924, 0.2804759740829468)"
"(322, 231)","(-35.3632612, 149.1652381, 9.57)","(-35.3632603021948, 149.16523389489024, 0)","(-0.006055183243006468, -0.0019299265695735812, 0.2803339958190918)"
"(321, 226)","(-35.3632612, 149.1652381, 9.57)","(-35.36326042720537, 149.16523385993713, 0)","(-0.0006724069244228303, -0.0019167797872796655, 0.28041014075279236)"
"(322, 229)","(-35.3632612, 149.1652381, 9.57)","(-35.363260392842875, 149.16523419657332, 0)","(-0.0010209744796156883, -0.0017170481150969863, 0.28040409088134766)"
"(322, 229)","(-35.3632612, 149.1652381, 9.57)","(-35.363260286270595, 149.16523372507655, 0)","(-0.005465722177177668, -0.001672731013968587, 0.2803786098957062)"
"(322, 225)","(-35.3632612, 149.1652381, 9.57)","(-35.36326034380515, 149.1652338622108, 0)","(0.00015135647845454514, -0.0014032642357051373, 0.2802809774875641)"
"(322, 230)","(-35.3632612, 149.1652381, 9.57)","(-35.363260474377604, 149.16523431094802, 0)","(-0.0008299954934045672, -0.0011326157255098224, 0.28028374910354614)"
"(322, 229)","(-35.3632612, 149.1652381, 9.57)","(-35.36326035113522, 149.16523378613158, 0)","(-0.004730374552309513, -0.0011346138780936599, 0.2801789939403534)"
"(322, 225)","(-35.3632612, 149.1652381, 9.57)","(-35.36326038627175, 149.16523391059187, 0)","(0.0007067351252771914, -0.001072195009328425, 0.2801220118999481)"
"(322, 229)","(-35.3632612, 149.1652381, 9.57)","(-35.3632604504753, 149.16523416553608, 0)","(-0.0011125861201435328, -0.0010229259496554732, 0.2802923023700714)"
"(322, 228)","(-35.3632612, 149.1652381, 9.57)","(-35.36326033228112, 149.16523367183564, 0)","(-0.004725505597889423, -0.0010497634066268802, 0.28015249967575073)"
"(323, 225)","(-35.3632612, 149.1652381, 9.57)","(-35.363260285672006, 149.16523402854693, 0)","(0.0014262042241171002, -0.0010345859918743372, 0.2799404561519623)"
"(322, 230)","(-35.3632612, 149.1652381, 9.57)","(-35.3632604985093, 149.16523435157666, 0)","(-0.0004014398728031665, -0.0009784410940483212, 0.2801302373409271)"
"(322, 228)","(-35.3632612, 149.1652381, 9.57)","(-35.36326032024705, 149.1652336650513, 0)","(-0.0048229992389678955, -0.0011643439065665007, 0.28001710772514343)"
"(322, 225)","(-35.3632612, 149.1652381, 9.57)","(-35.3632603935684, 149.16523393283623, 0)","(0.0009222814696840942, -0.0010518128983676434, 0.2800239324569702)"
"(322, 229)","(-35.3632612, 149.1652381, 9.57)","(-35.363260461195104, 149.1652342306973, 0)","(-0.000510853948071599, -0.0010755810653790832, 0.28002679347991943)"
"(322, 227)","(-35.3632612, 149.1652381, 9.57)","(-35.36326030654156, 149.16523354683954, 0)","(-0.0048364209942519665, -0.001015471643768251, 0.27995002269744873)"
"(323, 225)","(-35.3632612, 149.1652381, 9.57)","(-35.36326027910817, 149.16523397714698, 0)","(0.0009578414028510451, -0.0009776460938155651, 0.2798169255256653)"
"(323, 229)","(-35.3632612, 149.1652381, 9.57)","(-35.36326034690996, 149.16523430042818, 0)","(-0.0002533465449232608, -0.0010614418424665928, 0.2799282670021057)"
"(322, 227)","(-35.3632612, 149.1652381, 9.57)","(-35.36326031176836, 149.1652336124984, 0)","(-0.00424624839797616, -0.001128245028667152, 0.2797360420227051)"
"(323, 225)","(-35.3632612, 149.1652381, 9.57)","(-35.36326027490894, 149.1652340853998, 0)","(0.0018902159063145518, -0.0012944028712809086, 0.2798130214214325)"
"(322, 228)","(-35.3632612, 149.1652381, 9.57)","(-35.36326041015579, 149.16523408063816, 0)","(-0.0009171204292215407, -0.0012471998343244195, 0.27988508343696594)"
"(323, 225)","(-35.3632612, 149.1652381, 9.57)","(-35.363260160815564, 149.16523353202712, 0)","(-0.0032922544050961733, -0.0011279238387942314, 0.2797738313674927)"
"(323, 223)","(-35.3632612, 149.1652381, 9.57)","(-35.36326026001394, 149.16523392331396, 0)","(0.00255027343519032, -0.0010481934295967221, 0.27974963188171387)"
"(323, 228)","(-35.3632612, 149.1652381, 9.57)","(-35.36326028132784, 149.16523411236406, 0)","(-0.001036686240695417, -0.0012918225256726146, 0.27990955114364624)"
"(323, 226)","(-35.3632612, 149.1652381, 9.57)","(-35.36326017446881, 149.1652336694795, 0)","(-0.003110070014372468, -0.0013285401510074735, 0.2796677350997925)"
"(323, 224)","(-35.3632612, 149.1652381, 9.57)","(-35.363260280251566, 149.16523406536038, 0)","(0.0027932242956012487, -0.0011898495722562075, 0.2796092629432678)"
"(323, 227)","(-35.3632612, 149.1652381, 9.57)","(-35.36326025111574, 149.16523395920512, 0)","(-0.0014053115155547857, -0.0012340029934421182, 0.2797016501426697)"
"(323, 223)","(-35.3632612, 149.1652381, 9.57)","(-35.36326011818113, 149.16523335245583, 0)","(-0.00286953616887331, -0.0011366182006895542, 0.2796455919742584)"
"(323, 223)","(-35.3632612, 149.1652381, 9.57)","(-35.36326025827862, 149.1652339125897, 0)","(0.0024516633711755276, -0.0010409550741314888, 0.2796795964241028)"
"(323, 227)","(-35.3632612, 149.1652381, 9.57)","(-35.36326025824748, 149.16523395470816, 0)","(-0.0014226813800632954, -0.0011462596012279391, 0.27970704436302185)"
"(324, 225)","(-35.3632612, 149.1652381, 9.57)","(-35.36326007365636, 149.16523352048003, 0)","(-0.0027847522869706154, -0.0008725542575120926, 0.27954795956611633)"
"(323, 222)","(-35.3632612, 149.1652381, 9.57)","(-35.363260305886946, 149.16523375545896, 0)","(0.003161726053804159, -0.00038941254024393857, 0.27955105900764465)"
"(324, 227)","(-35.3632612, 149.1652381, 9.57)","(-35.36326022043623, 149.16523390494066, 0)","(-0.0010998776415362954, -0.0002642555336933583, 0.2796182334423065)"
"(324, 222)","(-35.3632612, 149.1652381, 9.57)","(-35.36326005114024, 149.16523317216746, 0)","(-0.0027155110146850348, -0.0002417166397208348, 0.2795155644416809)"
"(324, 222)","(-35.3632612, 149.1652381, 9.57)","(-35.363260172717446, 149.16523375800998, 0)","(0.002776140347123146, -0.000411542656365782, 0.27931514382362366)"
"(324, 227)","(-35.3632612, 149.1652381, 9.57)","(-35.36326019322195, 149.16523387531865, 0)","(-0.0014401255175471306, -0.00048215012066066265, 0.2795287072658539)"
"(324, 225)","(-35.3632612, 149.1652381, 9.57)","(-35.36326008077633, 149.16523345998564, 0)","(-0.0032888383138924837, -0.0006448096828535199, 0.27950385212898254)"
"(323, 223)","(-35.3632612, 149.1652381, 9.57)","(-35.363260269001444, 149.16523378724114, 0)","(0.0022684477735310793, -0.0008676988072693348, 0.27928614616394043)"
"(324, 227)","(-35.3632612, 149.1652381, 9.57)","(-35.36326013198729, 149.16523384507522, 0)","(-0.0018906831974163651, -0.0010615780483931303, 0.27951666712760925)"
"(323, 224)","(-35.3632612, 149.1652381, 9.57)","(-35.36326013413021, 149.16523330799484, 0)","(-0.0033889352343976498, -0.0011072657071053982, 0.27945902943611145)"
"(322, 223)","(-35.3632612, 149.1652381, 9.57)","(-35.36326036330487, 149.16523371689078, 0)","(0.0019449156243354082, -0.0010936075123026967, 0.27940112352371216)"
"(322, 229)","(-35.3632612, 149.1652381, 9.57)","(-35.36326039334123, 149.16523389648046, 0)","(-0.0027580701280385256, -0.001221515005454421, 0.2794150412082672)"
"(323, 226)","(-35.3632612, 149.1652381, 9.57)","(-35.36326017126844, 149.165233542232, 0)","(-0.0033502555452287197, -0.0012996825389564037, 0.27928903698921204)"
"(322, 225)","(-35.3632612, 149.1652381, 9.57)","(-35.36326035359329, 149.16523393707115, 0)","(0.0017164894379675388, -0.0017492808401584625, 0.27939432859420776)"
"(322, 229)","(-35.3632612, 149.1652381, 9.57)","(-35.363260321809776, 149.16523387899602, 0)","(-0.0031290543265640736, -0.001942667062394321, 0.2794470191001892)"
"(321, 225)","(-35.3632612, 149.1652381, 9.57)","(-35.36326033317695, 149.16523330950534, 0)","(-0.0038223210722208023, -0.0018116971477866173, 0.27928444743156433)"
"(321, 225)","(-35.3632612, 149.1652381, 9.57)","(-35.36326047039574, 149.16523389842007, 0)","(0.0017379657365381718, -0.0018169265240430832, 0.2793329060077667)"
"(321, 230)","(-35.3632612, 149.1652381, 9.57)","(-35.36326050035683, 149.16523401952784, 0)","(-0.0024155995342880487, -0.0017987232422456145, 0.2793823778629303)"
"(321, 226)","(-35.3632612, 149.1652381, 9.57)","(-35.36326038299575, 149.16523340440253, 0)","(-0.0039033181965351105, -0.0015173610299825668, 0.27922314405441284)"
"(321, 226)","(-35.3632612, 149.1652381, 9.57)","(-35.363260537132206, 149.16523402416865, 0)","(0.001980234170332551, -0.0014171304646879435, 0.2793448865413666)"
"(322, 229)","(-35.3632612, 149.1652381, 9.57)","(-35.36326039892335, 149.16523392157052, 0)","(-0.002521239686757326, -0.0012268547434359789, 0.2792571485042572)"
"(322, 224)","(-35.3632612, 149.1652381, 9.57)","(-35.36326025111344, 149.16523322998341, 0)","(-0.003709325334057212, -0.0010801814496517181, 0.27913999557495117)"
"(322, 226)","(-35.3632612, 149.1652381, 9.57)","(-35.36326044246128, 149.16523401723316, 0)","(0.001629135338589549, -0.0009998168097808957, 0.27929723262786865)"
"(322, 230)","(-35.3632612, 149.1652381, 9.57)","(-35.36326041521531, 149.16523388994426, 0)","(-0.003808120032772422, -0.000972589070443064, 0.2792970836162567)"
"(323, 226)","(-35.3632612, 149.1652381, 9.57)","(-35.363260209072884, 149.16523358701807, 0)","(-0.002842575777322054, -0.001009392668493092, 0.2791580557823181)"
"(322, 227)","(-35.3632612, 149.1652381, 9.57)","(-35.363260458585565, 149.16523421703621, 0)","(0.0014908781740814447, -0.0010771601228043437, 0.2792600095272064)"
"(323, 231)","(-35.3632612, 149.1652381, 9.57)","(-35.36326029220703, 149.1652341286374, 0)","(-0.004034117795526981, -0.0012222588993608952, 0.2792900800704956)"
"(323, 225)","(-35.3632612, 149.1652381, 9.57)","(-35.36326019102707, 149.1652336465294, 0)","(-0.002191079780459404, -0.0011007579741999507, 0.27918916940689087)"
"(323, 226)","(-35.3632612, 149.1652381, 9.57)","(-35.3632603196985, 149.16523417547802, 0)","(0.001763035892508924, -0.0010478366166353226, 0.2791121304035187)"
"(323, 229)","(-35.3632612, 149.1652381, 9.57)","(-35.36326026234226, 149.1652339361248, 0)","(-0.0036846385337412357, -0.0010614129714667797, 0.2791944146156311)"
"(323, 225)","(-35.3632612, 149.1652381, 9.57)","(-35.36326021504176, 149.1652336842152, 0)","(-0.001788045628927648, -0.000939209945499897, 0.279119610786438)"
"(323, 227)","(-35.3632612, 149.1652381, 9.57)","(-35.363260348405696, 149.16523430121129, 0)","(0.0018867431208491325, -0.0010547650745138526, 0.279185026884079)"
"(323, 229)","(-35.3632612, 149.1652381, 9.57)","(-35.363260255675605, 149.16523393302217, 0)","(-0.003733761142939329, -0.0011254369746893644, 0.2792024314403534)"
"(459, 190)","(-35.3632612, 149.1652381, 9.57)","(-35.363277183153585, 149.1652077958266, 0)","(-0.0022618169896304607, -0.0006965826032683253, 4.455355350171224)"
"(459, 186)","(-35.3632612, 149.1652381, 9.57)","(-35.36327742968168, 149.1652078705151, 0)","(-0.0015369344037026167, -0.0018359627574682236, 4.455741826687948)"
"(458, 193)","(-35.3632612, 149.1652381, 9.57)","(-35.36327675747294, 149.16520771709756, 0)","(0.0010657317470759153, -0.0024950585793703794, 4.456191126500265)"
"(458, 194)","(-35.3632612, 149.1652381, 9.57)","(-35.36327713667755, 149.16520781520592, 0)","(-0.005765138193964958, -0.0026836111210286617, 4.4564306179629725)"
"(458, 190)","(-35.3632612, 149.1652381, 9.57)","(-35.36327708889943, 149.1652078386593, 0)","(-0.0024142113979905844, -0.002622914034873247, 4.456742827092306)"
"(457, 194)","(-35.3632612, 149.1652381, 9.57)","(-35.363276612876525, 149.1652078172864, 0)","(0.000156649126438424, -0.0025149688590317965, 4.4571256081210535)"
"(457, 194)","(-35.3632612, 149.1652381, 9.57)","(-35.36327696866407, 149.16520804793623, 0)","(-0.005382992327213287, -0.002260261680930853, 4.457356635724203)"
"(457, 190)","(-35.3632612, 149.1652381, 9.57)","(-35.36327702202123, 149.16520809597355, 0)","(-0.0021183742210268974, -0.001953598577529192, 4.457596604024069)"
"(457, 195)","(-35.3632612, 149.1652381, 9.57)","(-35.36327646654502, 149.16520794127447, 0)","(0.0009975832654163241, -0.0017233957769349217, 4.457689706479208)"
"(457, 194)","(-35.3632612, 149.1652381, 9.57)","(-35.36327689444495, 149.16520806724856, 0)","(-0.004525178112089634, -0.0017733491258695722, 4.4580422083484095)"
"(457, 189)","(-35.3632612, 149.1652381, 9.57)","(-35.363276942785745, 149.16520806631797, 0)","(4.454153895494528e-05, -0.001992593752220273, 4.458210412655966)"
"(457, 193)","(-35.3632612, 149.1652381, 9.57)","(-35.36327657099674, 149.1652079630056, 0)","(0.0013947633560746908, -0.0018208601977676153, 4.4584965149508875)"
"(457, 192)","(-35.3632612, 149.1652381, 9.57)","(-35.36327698313278, 149.1652081019316, 0)","(-0.0038775396533310413, -0.0016809188527986407, 4.458515588437216)"
"(457, 187)","(-35.3632612, 149.1652381, 9.57)","(-35.363277012689856, 149.16520811599236, 0)","(0.0009018764249049127, -0.0016642706468701363, 4.458736483250753)"
"(457, 194)","(-35.3632612, 149.1652381, 9.57)","(-35.36327652877304, 149.16520796853894, 0)","(0.0008546749595552683, -0.0016121347434818745, 4.458814088498251)"
"(457, 192)","(-35.3632612, 149.1652381, 9.57)","(-35.363276985195654, 149.1652081109462, 0)","(-0.004043045919388533, -0.0015827512834221125, 4.4590304533587855)"
"(457, 187)","(-35.3632612, 149.1652381, 9.57)","(-35.36327700145241, 149.16520812197686, 0)","(0.0009352857014164329, -0.001581304706633091, 4.4592183271991175)"
"(457, 193)","(-35.3632612, 149.1652381, 9.57)","(-35.36327660478169, 149.16520800881935, 0)","(0.0006332604098133743, -0.0014387285336852074, 4.459121648465292)"
"(457, 190)","(-35.3632612, 149.1652381, 9.57)","(-35.36327714969599, 149.16520817981146, 0)","(-0.004569575190544128, -0.0013933404115960002, 4.459380690251486)"
"(458, 187)","(-35.3632612, 149.1652381, 9.57)","(-35.3632770063871, 149.16520800716273, 0)","(0.001153363729827106, -0.001519049284979701, 4.459512774144308)"
"(457, 193)","(-35.3632612, 149.1652381, 9.57)","(-35.363276623638455, 149.16520800868304, 0)","(0.00028461500187404454, -0.0014852324966341257, 4.45952815214266)"
"(457, 190)","(-35.3632612, 149.1652381, 9.57)","(-35.36327714405451, 149.165208161013, 0)","(-0.004475567024201155, -0.0015734635526314378, 4.459614817296163)"
"(457, 187)","(-35.3632612, 149.1652381, 9.57)","(-35.36327696005411, 149.16520811825825, 0)","(0.001443995744921267, -0.0014546625316143036, 4.459702912961141)"
"(457, 192)","(-35.3632612, 149.1652381, 9.57)","(-35.363276663937874, 149.1652080314782, 0)","(0.0006496491259895265, -0.001337575726211071, 4.4597935120212)"
"(458, 187)","(-35.3632612, 149.1652381, 9.57)","(-35.36327732620447, 149.16520812216606, 0)","(-0.00385405239649117, -0.0012605903903022408, 4.459941569958822)"
"(457, 186)","(-35.3632612, 149.1652381, 9.57)","(-35.363276977868196, 149.1652081350442, 0)","(0.002136748982593417, -0.0012666448019444942, 4.4600696007358)"
"(457, 191)","(-35.3632612, 149.1652381, 9.57)","(-35.36327675075907, 149.1652080727813, 0)","(0.00030799678643234074, -0.0011441968381404877, 4.4599754253970545)"
"(458, 188)","(-35.3632612, 149.1652381, 9.57)","(-35.363277271785414, 149.1652080862261, 0)","(-0.0040411073714494705, -0.0014374942984431982, 4.46008009115328)"
"(457, 186)","(-35.3632612, 149.1652381, 9.57)","(-35.36327702263492, 149.1652081393455, 0)","(0.0014614610699936748, -0.0013648068998008966, 4.460182849560873)"
"(457, 190)","(-35.3632612, 149.1652381, 9.57)","(-35.363276841798644, 149.16520806798079, 0)","(3.144401125609875e-05, -0.0015083240577951074, 4.460221115742819)"
"(457, 187)","(-35.3632612, 149.1652381, 9.57)","(-35.363277322353085, 149.16520822441717, 0)","(-0.004153071437031031, -0.0014103256398811936, 4.460228506718771)"
"(457, 185)","(-35.3632612, 149.1652381, 9.57)","(-35.363277094567664, 149.16520816125936, 0)","(0.0014065461000427604, -0.0013693002983927727, 4.460263673459188)"
"(457, 191)","(-35.3632612, 149.1652381, 9.57)","(-35.363276801539314, 149.16520805803057, 0)","(-0.00042019589454866946, -0.0014725475339218974, 4.4602230230914515)"
"(457, 188)","(-35.3632612, 149.1652381, 9.57)","(-35.36327726351882, 149.16520820195598, 0)","(-0.004322660155594349, -0.0014463445404544473, 4.460344735776083)"
"(457, 186)","(-35.3632612, 149.1652381, 9.57)","(-35.363277004538865, 149.16520813856064, 0)","(0.0016746566398069263, -0.0012981750769540668, 4.460428182278768)"
"(457, 191)","(-35.3632612, 149.1652381, 9.57)","(-35.363276829701, 149.16520807753267, 0)","(-0.0008844675030559301, -0.0013480556663125753, 4.460226480160848)"
"(458, 187)","(-35.3632612, 149.1652381, 9.57)","(-35.363277344269186, 149.16520813233427, 0)","(-0.00423578592017293, -0.001151278498582542, 4.460448209439413)"
"(458, 186)","(-35.3632612, 149.1652381, 9.57)","(-35.36327709974368, 149.16520805546418, 0)","(0.000579910643864423, -0.001207158900797367, 4.460324827824728)"
"(457, 192)","(-35.3632612, 149.1652381, 9.57)","(-35.36327671711892, 149.1652080576894, 0)","(-0.0003050485684070736, -0.0011675377609208226, 4.460402313862936)"
"(457, 188)","(-35.3632612, 149.1652381, 9.57)","(-35.36327730190108, 149.16520823023563, 0)","(-0.004995031747967005, -0.0012458089040592313, 4.460526529942648)"
"(458, 188)","(-35.3632612, 149.1652381, 9.57)","(-35.36327694277904, 149.1652079979191, 0)","(0.0008797027985565364, -0.0012977300211787224, 4.460368339215414)"
"(457, 193)","(-35.3632612, 149.1652381, 9.57)","(-35.363276677716854, 149.16520803737433, 0)","(-0.0007421623449772596, -0.001250960398465395, 4.460432473813192)"
"(458, 188)","(-35.3632612, 149.1652381, 9.57)","(-35.3632773328939, 149.16520811705053, 0)","(-0.005123824346810579, -0.0012620417401194572, 4.460656229649679)"
"(458, 188)","(-35.3632612, 149.1652381, 9.57)","(-35.363276929484954, 149.16520799948532, 0)","(0.0010155884083360434, -0.001220989623107016, 4.460619036351339)"
"(458, 193)","(-35.3632612, 149.1652381, 9.57)","(-35.36327676793785, 149.16520795230832, 0)","(-0.0017820387147367, -0.0011597357224673033, 4.460441295300619)"
"(458, 189)","(-35.3632612, 149.1652381, 9.57)","(-35.363277211122146, 149.16520808758526, 0)","(-0.0043464768677949905, -0.0011717318557202816, 4.460639063511984)"
"(458, 189)","(-35.3632612, 149.1652381, 9.57)","(-35.36327679205729, 149.16520795561703, 0)","(0.0020546927116811275, -0.0012356311781331897, 4.460644904767172)"
"(458, 193)","(-35.3632612, 149.1652381, 9.57)","(-35.36327676762758, 149.16520793385706, 0)","(-0.0017412911402061582, -0.0013619079254567623, 4.46054977575411)"
"(458, 188)","(-35.3632612, 149.1652381, 9.57)","(-35.3632772545884, 149.16520810371023, 0)","(-0.003956073895096779, -0.0011491506593301892, 4.460617963467733)"
"(458, 188)","(-35.3632612, 149.1652381, 9.57)","(-35.363276854917395, 149.1652079790002, 0)","(0.002129511907696724, -0.0011937525123357773, 4.46070117155184)"
"(458, 193)","(-35.3632612, 149.1652381, 9.57)","(-35.36327675717169, 149.16520794609613, 0)","(-0.0016154692275449634, -0.001191399060189724, 4.460475865994589)"
"(458, 189)","(-35.3632612, 149.1652381, 9.57)","(-35.36327718610418, 149.16520807602487, 0)","(-0.003948374185711145, -0.0012187922839075327, 4.4606162945376795)"
"(458, 190)","(-35.3632612, 149.1652381, 9.57)","(-35.36327673597417, 149.16520794534884, 0)","(0.0018432079814374447, -0.0011525093577802181, 4.460582439099447)"
"(458, 194)","(-35.3632612, 149.1652381, 9.57)","(-35.36327667097124, 149.1652079341105, 0)","(-0.0014322461793199182, -0.0010145563865080476, 4.460622374211447)"
"(459, 189)","(-35.3632612, 149.1652381, 9.57)","(-35.36327720700597, 149.16520800160907, 0)","(-0.004019307903945446, -0.0007727670599706471, 4.460566107426779)"
"(459, 189)","(-35.3632612, 149.1652381, 9.57)","(-35.36327683253178, 149.16520789239104, 0)","(0.0016541918739676476, -0.0007260885322466493, 4.460671607648031)"
"(459, 194)","(-35.3632612, 149.1652381, 9.57)","(-35.36327670066238, 149.16520784337, 0)","(-0.0015689560677856207, -0.0007854830473661423, 4.4605295101748865)"
"(459, 190)","(-35.3632612, 149.1652381, 9.57)","(-35.36327711302221, 149.1652079725207, 0)","(-0.0036510429345071316, -0.0007689895574003458, 4.460606400166647)"
"(459, 189)","(-35.3632612, 149.1652381, 9.57)","(-35.363276813152986, 149.1652078664677, 0)","(0.0020433003082871437, -0.0009613768779672682, 4.460514489804403)"
"(458, 194)","(-35.3632612, 149.1652381, 9.57)","(-35.363276692020925, 149.165207945564, 0)","(-0.0017467265715822577, -0.0009627726394683123, 4.460508529339926)"
"(459, 188)","(-35.3632612, 149.1652381, 9.57)","(-35.363277260281734, 149.16520800793216, 0)","(-0.0037566861137747765, -0.0008891368634067476, 4.460637871419088)"
"(459, 189)","(-35.3632612, 149.1652381, 9.57)","(-35.363276793120214, 149.16520784386546, 0)","(0.002393016591668129, -0.0011466534342616796, 4.460551683102743)"
"(458, 193)","(-35.3632612, 149.1652381, 9.57)","(-35.36327676093806, 149.165207950102, 0)","(-0.0017064394196495414, -0.0011524965520948172, 4.4606011549579065)"
"(458, 189)","(-35.3632612, 149.1652381, 9.57)","(-35.36327720974207, 149.165208089518, 0)","(-0.004321793559938669, -0.0011484315618872643, 4.460582915936605)"
"(458, 190)","(-35.3632612, 149.1652381, 9.57)","(-35.363276734266194, 149.16520794719906, 0)","(0.0018588411621749401, -0.0011249324306845665, 4.460597817097799)"
"(458, 194)","(-35.3632612, 149.1652381, 9.57)","(-35.36327668413655, 149.1652079307081, 0)","(-0.0015677075134590268, -0.001109005999751389, 4.460407201443807)"
"(458, 188)","(-35.3632612, 149.1652381, 9.57)","(-35.363277250168686, 149.16520810891137, 0)","(-0.0039183772169053555, -0.001072472077794373, 4.460664455090658)"
"(458, 188)","(-35.3632612, 149.1652381, 9.57)","(-35.36327686492632, 149.16520798543695, 0)","(0.001998295309022069, -0.0011637512361630797, 4.460538212453024)"
"(458, 193)","(-35.3632612, 149.1652381, 9.57)","(-35.36327675127074, 149.16520795247777, 0)","(-0.0015659054042771459, -0.0011219341540709138, 4.460518185292379)"
"(458, 188)","(-35.3632612, 149.1652381, 9.57)","(-35.363277225959976, 149.1652081096424, 0)","(-0.003556567244231701, -0.0010146782733500004, 4.4605329672442835)"
"(458, 190)","(-35.3632612, 149.1652381, 9.57)","(-35.36327673077447, 149.16520795226825, 0)","(0.0019126551924273372, -0.0010875790612772107, 4.460464064274923)"
"(458, 194)","(-35.3632612, 149.1652381, 9.57)","(-35.36327672984099, 149.16520793741716, 0)","(-0.002272452460601926, -0.0012356098741292953, 4.46049410501589)"
"(458, 187)","(-35.3632612, 149.1652381, 9.57)","(-35.36327728669441, 149.16520811509642, 0)","(-0.00336781470105052, -0.0011755205923691392, 4.4604520241366785)"
"(458, 189)","(-35.3632612, 149.1652381, 9.57)","(-35.36327680419368, 149.1652079715642, 0)","(0.0018647940596565604, -0.001132451114244759, 4.460440460835592)"
"(458, 193)","(-35.3632612, 149.1652381, 9.57)","(-35.36327676587572, 149.16520796692626, 0)","(-0.0018067230703309178, -0.0010118520585820079, 4.460450951253073)"
"(458, 188)","(-35.3632612, 149.1652381, 9.57)","(-35.363277234896415, 149.16520811470778, 0)","(-0.0036800100933760405, -0.0009663960663601756, 4.460468832646505)"
"(457, 192)","(-35.3632612, 149.1652381, 9.57)","(-35.36327655763181, 149.16520802868698, 0)","(0.0020724553614854813, -0.0009500199230387807, 4.460372630749838)"
"(458, 194)","(-35.3632612, 149.1652381, 9.57)","(-35.363276731241164, 149.16520795173605, 0)","(-0.0023144835140556097, -0.0010305129690095782, 4.460445109997885)"
"(458, 187)","(-35.3632612, 149.1652381, 9.57)","(-35.36327728805791, 149.16520812560947, 0)","(-0.0034084694925695658, -0.0010372517863288522, 4.460430685673849)"
"(458, 190)","(-35.3632612, 149.1652381, 9.57)","(-35.36327672956726, 149.16520794502838, 0)","(0.0019817103166133165, -0.0011192907113581896, 4.460382048283712)"
"(457, 193)","(-35.3632612, 149.1652381, 9.57)","(-35.36327685010461, 149.16520809641054, 0)","(-0.0033743625972419977, -0.0011509557953104377, 4.460379187260763)"
"(458, 187)","(-35.3632612, 149.1652381, 9.57)","(-35.3632772201034, 149.16520808265346, 0)","(-0.002299047540873289, -0.0012934795813634992, 4.460410181676046)"
"(457, 192)","(-35.3632612, 149.1652381, 9.57)","(-35.363276532040345, 149.16520798484353, 0)","(0.002543544862419367, -0.0013506331015378237, 4.460535232220785)"
"(457, 193)","(-35.3632612, 149.1652381, 9.57)","(-35.36327685923208, 149.16520807629075, 0)","(-0.003459070110693574, -0.0014322135830298066, 4.460431996976034)"
"(458, 187)","(-35.3632612, 149.1652381, 9.57)","(-35.363277197765136, 149.16520806095096, 0)","(-0.0019039836479350924, -0.001438053441233933, 4.460407797490255)"
"(457, 190)","(-35.3632612, 149.1652381, 9.57)","(-35.36327669486963, 149.1652080329523, 0)","(0.0022215701173990965, -0.0013691488420590758, 4.460357610379354)"
"(457, 192)","(-35.3632612, 149.1652381, 9.57)","(-35.363276933484116, 149.16520810872754, 0)","(-0.003545366460457444, -0.0013070357963442802, 4.460373584424154)"
"(458, 187)","(-35.3632612, 149.1652381, 9.57)","(-35.363277173061405, 149.1652080743215, 0)","(-0.0016160699306055903, -0.001195751246996224, 4.460524980221884)"
"(457, 193)","(-35.3632612, 149.1652381, 9.57)","(-35.36327648875664, 149.16520800354303, 0)","(0.002086847787722945, -0.0009637053590267897, 4.4603591601001185)"
"(457, 192)","(-35.3632612, 149.1652381, 9.57)","(-35.363276938946036, 149.16520812648497, 0)","(-0.0036811900790780783, -0.0011240111198276281, 4.460384909306661)"
"(458, 187)","(-35.3632612, 149.1652381, 9.57)","(-35.363277158480166, 149.16520807533752, 0)","(-0.0013768168864771724, -0.0011445999843999743, 4.460351053868429)"
"(457, 192)","(-35.3632612, 149.1652381, 9.57)","(-35.36327657937775, 149.1652080237398, 0)","(0.0017661842284724116, -0.0010515062604099512, 4.460459415112631)"
"(457, 192)","(-35.3632612, 149.1652381, 9.57)","(-35.36327694771533, 149.16520814795493, 0)","(-0.003870213171467185, -0.0009118306916207075, 4.460367027913229)"
"(458, 187)","(-35.3632612, 149.1652381, 9.57)","(-35.36327721233381, 149.16520811391237, 0)","(-0.0022787940688431263, -0.0008879238739609718, 4.460411016141073)"
"(458, 193)","(-35.3632612, 149.1652381, 9.57)","(-35.363276540729245, 149.16520788926186, 0)","(0.0016931365244090557, -0.0010478708427399397, 4.460358564053671)"
"(458, 193)","(-35.3632612, 149.1652381, 9.57)","(-35.36327691135643, 149.16520799736256, 0)","(-0.0039387047290802, -0.0010958967031911016, 4.46033484140505)"
"(458, 187)","(-35.3632612, 149.1652381, 9.57)","(-35.36327721187475, 149.1652081092596, 0)","(-0.00224863993935287, -0.0008870644378475845, 4.4604414145099085)"
"(458, 192)","(-35.3632612, 149.1652381, 9.57)","(-35.363276652754244, 149.16520795231858, 0)","(0.0009849421912804246, -0.000710424268618226, 4.4602254072772425)"
"(458, 193)","(-35.3632612, 149.1652381, 9.57)","(-35.36327696327173, 149.1652080505586, 0)","(-0.004836697597056627, -0.0006471506203524768, 4.460317675267355)"
"(459, 189)","(-35.3632612, 149.1652381, 9.57)","(-35.36327708904696, 149.16520796210025, 0)","(-0.0021555067505687475, -0.0007518529891967773, 4.460399452839987)"
"(529, 171)","(-35.3632612, 149.1652381, 9.57)","(-35.3632406177767, 149.1652583446974, 0)","(-0.002801913768053055, 0.0012684783432632685, 0.9118879437446594)"
"(530, 188)","(-35.3632612, 149.1652381, 9.57)","(-35.36324120651558, 149.165259050481, 0)","(-0.004230876918882132, -0.0008040768443606794, 0.9114304780960083)"
"(527, 198)","(-35.3632612, 149.1652381, 9.57)","(-35.36324182197535, 149.16525941805494, 0)","(0.0001880306372186169, -0.0019722958095371723, 0.9110967516899109)"
"(525, 199)","(-35.3632612, 149.1652381, 9.57)","(-35.36324171587663, 149.16525915472533, 0)","(-0.0055221496149897575, -0.0023813259322196245, 0.9106370806694031)"
"(524, 194)","(-35.3632612, 149.1652381, 9.57)","(-35.36324169144084, 149.16525883166923, 0)","(-0.004776311106979847, -0.002325350884348154, 0.9102293252944946)"
"(524, 198)","(-35.3632612, 149.1652381, 9.57)","(-35.36324201564323, 149.1652591385438, 0)","(0.00013315344403963536, -0.0023156562820076942, 0.9101270437240601)"
"(524, 199)","(-35.3632612, 149.1652381, 9.57)","(-35.363241880963244, 149.16525899900455, 0)","(-0.004748322535306215, -0.0021228203549981117, 0.9097940325737)"
"(524, 193)","(-35.3632612, 149.1652381, 9.57)","(-35.363241791606164, 149.16525879637464, 0)","(-0.0038926261477172375, -0.0017946925945580006, 0.909532368183136)"
"(524, 198)","(-35.3632612, 149.1652381, 9.57)","(-35.36324217204298, 149.16525912864176, 0)","(0.001247053500264883, -0.001465109409764409, 0.9093120694160461)"
"(524, 198)","(-35.3632612, 149.1652381, 9.57)","(-35.36324199125402, 149.16525894857728, 0)","(-0.0038254561368376017, -0.0013207278680056334, 0.9089420437812805)"
"(524, 186)","(-35.3632612, 149.1652381, 9.57)","(-35.363241569586194, 149.165258528842, 0)","(-0.003148292889818549, -0.0011045510182157159, 0.9087741374969482)"
"(524, 196)","(-35.3632612, 149.1652381, 9.57)","(-35.363242133556064, 149.1652590472981, 0)","(0.001993508543819189, -0.0009157447493635118, 0.908557116985321)"
"(525, 195)","(-35.3632612, 149.1652381, 9.57)","(-35.363241850554196, 149.1652588687929, 0)","(-0.003844177583232522, -0.0007622686098329723, 0.9083563685417175)"
"(526, 188)","(-35.3632612, 149.1652381, 9.57)","(-35.36324160064718, 149.1652587254461, 0)","(-0.0023483233526349068, -0.0006940139573998749, 0.9081647992134094)"
"(525, 196)","(-35.3632612, 149.1652381, 9.57)","(-35.36324207694861, 149.16525909022127, 0)","(0.0016358834691345692, -0.000857114908285439, 0.9080463647842407)"
"(525, 195)","(-35.3632612, 149.1652381, 9.57)","(-35.36324176210598, 149.16525887899098, 0)","(-0.003377131884917617, -0.0007267444743774831, 0.9078693985939026)"
"(527, 188)","(-35.3632612, 149.1652381, 9.57)","(-35.36324147313793, 149.1652587850575, 0)","(-0.002031695330515504, -0.0004983274848200381, 0.9077341556549072)"
"(527, 180)","(-35.3632612, 149.1652381, 9.57)","(-35.36324132712406, 149.16525863309843, 0)","(0.002220025286078453, -0.0003593084402382374, 0.9076176285743713)"
"(527, 183)","(-35.3632612, 149.1652381, 9.57)","(-35.36324122916345, 149.16525856698058, 0)","(-0.0033395166974514723, -0.0005859321099705994, 0.9074710011482239)"
"(528, 188)","(-35.3632612, 149.1652381, 9.57)","(-35.36324140889346, 149.16525882953871, 0)","(-0.002516085049137473, -0.000499088317155838, 0.9073222875595093)"
"(528, 177)","(-35.3632612, 149.1652381, 9.57)","(-35.36324116941276, 149.16525858669695, 0)","(0.0022335657849907875, -0.0004060385108459741, 0.9072587490081787)"
"(528, 180)","(-35.3632612, 149.1652381, 9.57)","(-35.36324106961692, 149.16525850079302, 0)","(-0.0035978187806904316, -0.00043889315566048026, 0.9071334600448608)"
"(528, 187)","(-35.3632612, 149.1652381, 9.57)","(-35.36324141178357, 149.16525882014906, 0)","(-0.0014297785237431526, -0.0003707751166075468, 0.9070322513580322)"
"(528, 185)","(-35.3632612, 149.1652381, 9.57)","(-35.363241446967, 149.16525887008657, 0)","(0.0018618113826960325, -0.0006350028561428189, 0.9070304036140442)"
"(528, 187)","(-35.3632612, 149.1652381, 9.57)","(-35.36324132394228, 149.16525875457492, 0)","(-0.003657998749986291, -0.0005876655923202634, 0.9069139957427979)"
"(528, 187)","(-35.3632612, 149.1652381, 9.57)","(-35.36324136402867, 149.16525879794602, 0)","(-0.0024236298631876707, -0.0007373407133854926, 0.9067124128341675)"
"(528, 182)","(-35.3632612, 149.1652381, 9.57)","(-35.36324133258971, 149.1652587685427, 0)","(0.001955481944605708, -0.000867968425154686, 0.9067776203155518)"
"(528, 187)","(-35.3632612, 149.1652381, 9.57)","(-35.36324131404906, 149.16525875171783, 0)","(-0.003768526017665863, -0.0008033101912587881, 0.9065248966217041)"
"(528, 187)","(-35.3632612, 149.1652381, 9.57)","(-35.36324136667941, 149.16525880263555, 0)","(-0.002305457601323724, -0.0008272119448520243, 0.9066115617752075)"
"(528, 183)","(-35.3632612, 149.1652381, 9.57)","(-35.363241359709576, 149.16525878999866, 0)","(0.0016475650481879711, -0.0008654023986309767, 0.9066170454025269)"
"(528, 188)","(-35.3632612, 149.1652381, 9.57)","(-35.363241325694375, 149.16525876073416, 0)","(-0.00451893312856555, -0.0008209067163988948, 0.9064755439758301)"
"(527, 187)","(-35.3632612, 149.1652381, 9.57)","(-35.36324145069039, 149.16525877746403, 0)","(-0.0010332675883546472, -0.0008274985593743622, 0.9062837362289429)"
"(527, 179)","(-35.3632612, 149.1652381, 9.57)","(-35.36324122676729, 149.16525856418656, 0)","(0.0010968231363222003, -0.0008799556526355445, 0.9063915014266968)"
"(528, 187)","(-35.3632612, 149.1652381, 9.57)","(-35.36324127281256, 149.16525871550502, 0)","(-0.004825541749596596, -0.0008432578761130571, 0.9062970876693726)"
"(527, 187)","(-35.3632612, 149.1652381, 9.57)","(-35.36324145070824, 149.16525879730457, 0)","(-0.0007506303954869509, -0.0009909459622576833, 0.9061633348464966)"
"(527, 184)","(-35.3632612, 149.1652381, 9.57)","(-35.36324142620959, 149.16525875582664, 0)","(0.0015117389848455787, -0.000731470703613013, 0.9062496423721313)"
"(528, 188)","(-35.3632612, 149.1652381, 9.57)","(-35.3632413265411, 149.1652587531097, 0)","(-0.004439352545887232, -0.0005703700007870793, 0.9060720205307007)"
"(527, 186)","(-35.3632612, 149.1652381, 9.57)","(-35.36324145099995, 149.1652587678483, 0)","(2.3080808659869945e-06, -0.0005596428527496755, 0.9061113595962524)"
"(527, 184)","(-35.3632612, 149.1652381, 9.57)","(-35.36324141676092, 149.16525873063736, 0)","(0.0011075101792812347, -0.0005213973927311599, 0.9060937166213989)"
"(528, 188)","(-35.3632612, 149.1652381, 9.57)","(-35.36324123274152, 149.16525875917213, 0)","(-0.00424980791285634, -0.0005210032686591148, 0.9060631990432739)"
"(527, 187)","(-35.3632612, 149.1652381, 9.57)","(-35.36324138865499, 149.16525882527122, 0)","(0.0002772293228190392, -0.0007924798410385847, 0.9060491919517517)"
"(527, 185)","(-35.3632612, 149.1652381, 9.57)","(-35.36324133605332, 149.16525879666816, 0)","(0.0011479239910840988, -0.0011490522883832455, 0.9060502648353577)"
"(526, 187)","(-35.3632612, 149.1652381, 9.57)","(-35.363241258369364, 149.16525863873068, 0)","(-0.004099722020328045, -0.0013270797207951546, 0.906065821647644)"
"(526, 186)","(-35.3632612, 149.1652381, 9.57)","(-35.363241392699756, 149.16525875534634, 0)","(0.0006378493271768093, -0.0012426285538822412, 0.9059514403343201)"
"(526, 184)","(-35.3632612, 149.1652381, 9.57)","(-35.36324133371735, 149.16525868276827, 0)","(0.0008667443180456758, -0.0010857615852728486, 0.9060552716255188)"
"(526, 188)","(-35.3632612, 149.1652381, 9.57)","(-35.363241301062, 149.16525866479765, 0)","(-0.004118835087865591, -0.0011878497898578644, 0.9060109257698059)"
"(525, 187)","(-35.3632612, 149.1652381, 9.57)","(-35.36324146778303, 149.16525870860275, 0)","(0.0003490711096674204, -0.0010280110873281956, 0.9059736132621765)"
"(525, 185)","(-35.3632612, 149.1652381, 9.57)","(-35.3632414170694, 149.1652586676566, 0)","(0.0011159752029925585, -0.00114178447984159, 0.9059939384460449)"
"(525, 187)","(-35.3632612, 149.1652381, 9.57)","(-35.363241307346634, 149.16525856034238, 0)","(-0.004092831164598465, -0.0009848671033978462, 0.9059534072875977)"
"(525, 187)","(-35.3632612, 149.1652381, 9.57)","(-35.36324146194626, 149.1652586977566, 0)","(0.00018679734785109758, -0.0008565696771256626, 0.9058310985565186)"
"(525, 182)","(-35.3632612, 149.1652381, 9.57)","(-35.36324130736174, 149.16525854811084, 0)","(0.001063758973032236, -0.0008505043224431574, 0.9059609770774841)"
"(525, 188)","(-35.3632612, 149.1652381, 9.57)","(-35.363241335896596, 149.16525858447162, 0)","(-0.004305616486817598, -0.0008978320402093232, 0.9057247042655945)"
"(525, 187)","(-35.3632612, 149.1652381, 9.57)","(-35.363241451175455, 149.16525868749036, 0)","(-0.0001068292185664177, -0.0008549910853616893, 0.9057993292808533)"
"(525, 184)","(-35.3632612, 149.1652381, 9.57)","(-35.36324137456889, 149.16525862351523, 0)","(0.0010173131013289094, -0.0009450672660022974, 0.9058276414871216)"
"(525, 188)","(-35.3632612, 149.1652381, 9.57)","(-35.36324133231491, 149.16525858893624, 0)","(-0.004360662307590246, -0.0009370945626869798, 0.9059140682220459)"
"(524, 188)","(-35.3632612, 149.1652381, 9.57)","(-35.36324151967498, 149.16525866779776, 0)","(-0.00015929702203720808, -0.0009807931492105126, 0.9057458639144897)"
"(525, 183)","(-35.3632612, 149.1652381, 9.57)","(-35.363241346490554, 149.16525859920276, 0)","(0.0012883914168924093, -0.0009803504217416048, 0.9059133529663086)"
"(525, 188)","(-35.3632612, 149.1652381, 9.57)","(-35.36324133574653, 149.16525858129643, 0)","(-0.004363039508461952, -0.0007977374480105937, 0.9058264493942261)"
"(525, 187)","(-35.3632612, 149.1652381, 9.57)","(-35.36324143710258, 149.16525867895763, 0)","(-0.00048257820890285075, -0.0008532523643225431, 0.9059576988220215)"
"(525, 184)","(-35.3632612, 149.1652381, 9.57)","(-35.36324137780824, 149.16525862895605, 0)","(0.0011033437913283706, -0.0010268324986100197, 0.9059001803398132)"
"(525, 188)","(-35.3632612, 149.1652381, 9.57)","(-35.36324135583378, 149.16525859075603, 0)","(-0.0039477054961025715, -0.0007785669877193868, 0.9058853387832642)"
"(525, 187)","(-35.3632612, 149.1652381, 9.57)","(-35.36324142327259, 149.16525865170422, 0)","(-0.0010118716163560748, -0.0008314825827255845, 0.9057812690734863)"
"(525, 182)","(-35.3632612, 149.1652381, 9.57)","(-35.363241335277834, 149.165258569268, 0)","(0.001774824457243085, -0.000952195085119456, 0.9058870673179626)"
"(525, 189)","(-35.3632612, 149.1652381, 9.57)","(-35.36324138947504, 149.1652586232182, 0)","(-0.004071761853992939, -0.0008875880157575011, 0.9058690071105957)"
"(525, 188)","(-35.3632612, 149.1652381, 9.57)","(-35.36324148219039, 149.16525870685388, 0)","(-0.0004581727844197303, -0.0008696215809322894, 0.9058645367622375)"
"(525, 180)","(-35.3632612, 149.1652381, 9.57)","(-35.363241259014096, 149.16525848940316, 0)","(0.001674061524681747, -0.0008675329154357314, 0.9058462977409363)"
"(525, 188)","(-35.3632612, 149.1652381, 9.57)","(-35.3632413468991, 149.16525859320825, 0)","(-0.004076715558767319, -0.0010330553632229567, 0.9058200716972351)"
"(525, 187)","(-35.3632612, 149.1652381, 9.57)","(-35.36324148723756, 149.16525872311436, 0)","(0.0008666043868288398, -0.0010388228110969067, 0.9058830142021179)"
"(524, 181)","(-35.3632612, 149.1652381, 9.57)","(-35.36324127160203, 149.1652584180905, 0)","(3.720377208082937e-05, -0.0010992734460160136, 0.9058303833007812)"
"(524, 188)","(-35.3632612, 149.1652381, 9.57)","(-35.36324134797438, 149.16525850688436, 0)","(-0.005011760629713535, -0.0011729899561032653, 0.9057918190956116)"
"(525, 188)","(-35.3632612, 149.1652381, 9.57)","(-35.36324150253252, 149.16525875580598, 0)","(0.0004538331995718181, -0.0012711570598185062, 0.9058545231819153)"
"(524, 193)","(-35.3632612, 149.1652381, 9.57)","(-35.36324171476448, 149.1652588555558, 0)","(-3.46518163496512e-06, -0.001195159857161343, 0.9058294296264648)"
"(524, 187)","(-35.3632612, 149.1652381, 9.57)","(-35.36324131962992, 149.1652584758613, 0)","(-0.004793540108948946, -0.001070341095328331, 0.9058194756507874)"
"(524, 188)","(-35.3632612, 149.1652381, 9.57)","(-35.3632415547205, 149.165258698797, 0)","(0.000717144226655364, -0.0011094538494944572, 0.9059237241744995)"
"(524, 177)","(-35.3632612, 149.1652381, 9.57)","(-35.363241109847245, 149.16525827550453, 0)","(-0.00014992599608376622, -0.00109853723552078, 0.9059540629386902)"
"(525, 188)","(-35.3632612, 149.1652381, 9.57)","(-35.363241316254054, 149.1652585742019, 0)","(-0.0048029604367911816, -0.0009955714922398329, 0.9058675765991211)"
"(525, 189)","(-35.3632612, 149.1652381, 9.57)","(-35.363241560493364, 149.16525879412356, 0)","(0.0008680599275976419, -0.0008871033787727356, 0.9058393836021423)"
"(525, 177)","(-35.3632612, 149.1652381, 9.57)","(-35.36324108211566, 149.1652583382701, 0)","(8.504613651894033e-05, -0.0009248884744010866, 0.9059240221977234)"
"(525, 187)","(-35.3632612, 149.1652381, 9.57)","(-35.363241282745435, 149.16525854330132, 0)","(-0.004678666125983, -0.0010128854773938656, 0.9058796763420105)"
"(525, 188)","(-35.3632612, 149.1652381, 9.57)","(-35.36324153390508, 149.1652587651146, 0)","(0.0011228498769924045, -0.0008433274342678487, 0.9058857560157776)"
"(526, 180)","(-35.3632612, 149.1652381, 9.57)","(-35.36324114046792, 149.16525848615416, 0)","(-0.000402639590902254, -0.0008246144861914217, 0.9058727025985718)"
"(526, 188)","(-35.3632612, 149.1652381, 9.57)","(-35.36324128267213, 149.16525863007647, 0)","(-0.004765563644468784, -0.0009094731067307293, 0.9058217406272888)"
"(526, 188)","(-35.3632612, 149.1652381, 9.57)","(-35.36324149441855, 149.16525882647502, 0)","(0.0011009607696905732, -0.0009556032018736005, 0.9058778285980225)"
"(526, 174)","(-35.3632612, 149.1652381, 9.57)","(-35.36324091077168, 149.1652582608615, 0)","(-0.0006358592654578388, -0.0008635303820483387, 0.9059492945671082)"
"(526, 187)","(-35.3632612, 149.1652381, 9.57)","(-35.363241258027585, 149.165258597151, 0)","(-0.004548955243080854, -0.0008943868451751769, 0.9058847427368164)"
"(527, 188)","(-35.3632612, 149.1652381, 9.57)","(-35.36324147463947, 149.16525890521507, 0)","(0.0016195273492485285, -0.0010005069198086858, 0.9058975577354431)"
"(526, 178)","(-35.3632612, 149.1652381, 9.57)","(-35.36324104001439, 149.16525838428856, 0)","(-0.0012108797673135996, -0.0009034041431732476, 0.9058491587638855)"
"(527, 188)","(-35.3632612, 149.1652381, 9.57)","(-35.36324125291577, 149.16525869839052, 0)","(-0.004524765070527792, -0.000997931812889874, 0.9057541489601135)"
"(527, 185)","(-35.3632612, 149.1652381, 9.57)","(-35.36324136587045, 149.16525879253857, 0)","(0.0016207197913900018, -0.000837643223349005, 0.9059618711471558)"
"(527, 171)","(-35.3632612, 149.1652381, 9.57)","(-35.36324073142718, 149.1652581997783, 0)","(-0.0012496645795181394, -0.0009620412020012736, 0.9059087038040161)"
"(527, 187)","(-35.3632612, 149.1652381, 9.57)","(-35.363241215462374, 149.16525866265457, 0)","(-0.004524486139416695, -0.0008308442775160074, 0.905880868434906)"
"(527, 188)","(-35.3632612, 149.1652381, 9.57)","(-35.36324146493433, 149.1652588877297, 0)","(0.001282770768739283, -0.0007260237471200526, 0.9058960676193237)"
"(528, 169)","(-35.3632612, 149.1652381, 9.57)","(-35.36324060325361, 149.16525815922193, 0)","(-0.0018105281051248312, -0.0006243231473490596, 0.9059371948242188)"
"(528, 188)","(-35.3632612, 149.1652381, 9.57)","(-35.36324121328543, 149.16525874749988, 0)","(-0.004680927377194166, -0.0006134141585789621, 0.9059363603591919)"
"(528, 178)","(-35.3632612, 149.1652381, 9.57)","(-35.3632410470485, 149.16525859263965, 0)","(0.0012480495497584343, -0.0007706184405833483, 0.9059808850288391)"
"(528, 161)","(-35.3632612, 149.1652381, 9.57)","(-35.36324034895673, 149.1652579186068, 0)","(-0.00048800764488987625, -0.0006991303525865078, 0.9059613347053528)"
"(528, 188)","(-35.3632612, 149.1652381, 9.57)","(-35.36324119615426, 149.16525875293146, 0)","(-0.004899022169411182, -0.000900662038475275, 0.905884325504303)"
"(528, 186)","(-35.3632612, 149.1652381, 9.57)","(-35.36324132470417, 149.16525886788153, 0)","(0.0007326750783249736, -0.0008730178233236074, 0.9059197902679443)"
"(528, 167)","(-35.3632612, 149.1652381, 9.57)","(-35.363240572582185, 149.16525814855643, 0)","(-0.0003455546102486551, -0.0009024330647662282, 0.905928909778595)"
"(528, 188)","(-35.3632612, 149.1652381, 9.57)","(-35.363241207518094, 149.1652587685709, 0)","(-0.004492473788559437, -0.0009752546902745962, 0.9057745337486267)"
"(257, 379)","(-35.3632612, 149.1652381, 9.57)","(-35.36324983433977, 149.1652352388588, 0)","(-0.003092715749517083, -0.0013056349707767367, 4.172889773045675)"
"(256, 374)","(-35.3632612, 149.1652381, 9.57)","(-35.363249781472454, 149.16523527830225, 0)","(0.002873497549444437, -0.0009763336274772882, 4.173048321400778)"
"(257, 376)","(-35.3632612, 149.1652381, 9.57)","(-35.36324975912373, 149.16523522281378, 0)","(0.0022599955555051565, -0.0006777774542570114, 4.173410717641012)"
"(257, 373)","(-35.3632612, 149.1652381, 9.57)","(-35.363249947508045, 149.1652353651242, 0)","(-0.0026369846891611814, -0.000584628083743155, 4.1737452189074915)"
"(257, 373)","(-35.3632612, 149.1652381, 9.57)","(-35.36324979639344, 149.1652352642666, 0)","(0.0036448799073696136, -0.00041814608266577125, 4.1740029493915)"
"(257, 374)","(-35.3632612, 149.1652381, 9.57)","(-35.363249801787255, 149.16523537195934, 0)","(0.0024278070777654648, -0.0002721237833611667, 4.17416745821108)"
"(259, 372)","(-35.3632612, 149.1652381, 9.57)","(-35.36324999032055, 149.16523540431174, 0)","(-0.0017706590006127954, -0.00013646714796777815, 4.174469296132223)"
"(259, 372)","(-35.3632612, 149.1652381, 9.57)","(-35.3632498647853, 149.16523532173522, 0)","(0.0034447279758751392, 3.5378510801820084e-05, 4.174689833317892)"
"(259, 373)","(-35.3632612, 149.1652381, 9.57)","(-35.36324986335529, 149.16523532124475, 0)","(0.002529426943510771, 4.450841515790671e-05, 4.175002400075094)"
"(260, 372)","(-35.3632612, 149.1652381, 9.57)","(-35.36325009710188, 149.16523537237077, 0)","(-0.0013182021211832762, 0.0003168039838783443, 4.175065819417135)"
"(260, 372)","(-35.3632612, 149.1652381, 9.57)","(-35.363249973272985, 149.16523528892245, 0)","(0.003812434384599328, 0.00041038787458091974, 4.175246302281515)"
"(260, 373)","(-35.3632612, 149.1652381, 9.57)","(-35.36324998000886, 149.16523529504764, 0)","(0.002539335982874036, 0.00044564245035871863, 4.1755200068103235)"
"(261, 371)","(-35.3632612, 149.1652381, 9.57)","(-35.36325014793626, 149.16523536082747, 0)","(-0.0015855765668675303, 0.0004048661212436855, 4.175763193761007)"
"(262, 372)","(-35.3632612, 149.1652381, 9.57)","(-35.363250049598676, 149.16523523039257, 0)","(0.002418591408059001, 0.00024166892399080098, 4.175842348729269)"
"(261, 373)","(-35.3632612, 149.1652381, 9.57)","(-35.363249995366495, 149.16523523993038, 0)","(0.002932145958766341, 8.066381269600242e-05, 4.17593223253359)"
"(261, 372)","(-35.3632612, 149.1652381, 9.57)","(-35.36325015609159, 149.16523535100444, 0)","(-0.002687230473384261, -5.386821067077108e-05, 4.176244560872213)"
"(261, 373)","(-35.3632612, 149.1652381, 9.57)","(-35.36324999572785, 149.16523524296014, 0)","(0.0029072402976453304, 9.581547055859119e-05, 4.176326100026266)"
"(261, 374)","(-35.3632612, 149.1652381, 9.57)","(-35.36324999089739, 149.16523524641494, 0)","(0.0019752932712435722, 0.00026589990011416376, 4.1764681974994105)"
"(262, 372)","(-35.3632612, 149.1652381, 9.57)","(-35.36325017381668, 149.1652353281606, 0)","(-0.0028755308594554663, 0.00039106799522414804, 4.176544491444723)"
"(262, 373)","(-35.3632612, 149.1652381, 9.57)","(-35.36325000731462, 149.16523521586367, 0)","(0.0029794254805892706, 0.0005336507456377149, 4.176687781010763)"
"(263, 375)","(-35.3632612, 149.1652381, 9.57)","(-35.36325001382542, 149.16523515794495, 0)","(0.0015848205657675862, 0.00031966378446668386, 4.176838461552755)"
"(263, 373)","(-35.3632612, 149.1652381, 9.57)","(-35.36325017086863, 149.1652352721273, 0)","(-0.002938810270279646, 0.0003434546815697104, 4.177020851765768)"
"(263, 375)","(-35.3632612, 149.1652381, 9.57)","(-35.363249983395264, 149.1652351355401, 0)","(0.002879221923649311, 0.0002814102917909622, 4.176951471959249)"
"(264, 378)","(-35.3632612, 149.1652381, 9.57)","(-35.36324996650031, 149.1652350707384, 0)","(0.0012746605789288878, 0.00033129460643976927, 4.177095715199606)"
"(262, 374)","(-35.3632612, 149.1652381, 9.57)","(-35.36325013265388, 149.1652353129886, 0)","(-0.003387007862329483, 0.000679039629176259, 4.177266184483663)"
"(263, 376)","(-35.3632612, 149.1652381, 9.57)","(-35.36324997430817, 149.16523504093888, 0)","(0.002077315002679825, 0.0005292430287227035, 4.1774378458606165)"
"(263, 379)","(-35.3632612, 149.1652381, 9.57)","(-35.36324994753069, 149.16523500836428, 0)","(0.0002888107264880091, 0.00021194532746449113, 4.177438322697775)"
"(262, 375)","(-35.3632612, 149.1652381, 9.57)","(-35.363250131882765, 149.16523519327757, 0)","(-0.004123001825064421, 0.00013070055865682662, 4.177531067525045)"
"(268, 379)","(-35.3632612, 149.1652381, 9.57)","(-35.36325000585175, 149.1652347808783, 0)","(0.0018535192357376218, 0.00022808666108176112, 4.1775363127337855)"
"(268, 380)","(-35.3632612, 149.1652381, 9.57)","(-35.36324992638717, 149.1652347916271, 0)","(-3.321491021779366e-05, 0.00011940969852730632, 4.177517954503195)"
"(261, 375)","(-35.3632612, 149.1652381, 9.57)","(-35.36324999055904, 149.165235213618, 0)","(-0.003172467462718487, -3.48284920619335e-05, 4.177676264439718)"
"(261, 378)","(-35.3632612, 149.1652381, 9.57)","(-35.3632497745591, 149.16523506615533, 0)","(0.0026565887965261936, 0.0001300863514188677, 4.177727524434225)"
"(261, 379)","(-35.3632612, 149.1652381, 9.57)","(-35.363249796404055, 149.1652350857961, 0)","(0.0005908699240535498, 0.0002315383026143536, 4.177683416997091)"
"(261, 375)","(-35.3632612, 149.1652381, 9.57)","(-35.36324997072103, 149.16523521339795, 0)","(-0.0025919820182025433, 0.0002823091053869575, 4.177774969731466)"
"(260, 378)","(-35.3632612, 149.1652381, 9.57)","(-35.3632497399062, 149.16523509991052, 0)","(0.0031902771443128586, 0.00018508599896449596, 4.177875582371847)"
"(260, 379)","(-35.3632612, 149.1652381, 9.57)","(-35.36324979031967, 149.16523513550268, 0)","(4.813224222743884e-05, 0.00020136496459599584, 4.177855555211202)"
"(260, 375)","(-35.3632612, 149.1652381, 9.57)","(-35.36324994924491, 149.1652352550563, 0)","(-0.0025371424853801727, 0.00032925684354268014, 4.177931372319357)"
"(261, 377)","(-35.3632612, 149.1652381, 9.57)","(-35.36324977975101, 149.16523508437785, 0)","(0.0032206682953983545, 0.00044497690396383405, 4.177882019673483)"
"(260, 377)","(-35.3632612, 149.1652381, 9.57)","(-35.363249838322446, 149.16523517842865, 0)","(-3.866645329253515e-06, 0.0003896030830219388, 4.177995983754293)"
"(260, 374)","(-35.3632612, 149.1652381, 9.57)","(-35.36324997733842, 149.16523527368204, 0)","(-0.0026409453712403774, 0.0002651768154464662, 4.178073231373922)"
"(260, 377)","(-35.3632612, 149.1652381, 9.57)","(-35.36324975465019, 149.16523512150167, 0)","(0.0034719682298600674, 0.0004119037766940892, 4.178214613591329)"
"(260, 377)","(-35.3632612, 149.1652381, 9.57)","(-35.3632498292541, 149.1652351783472, 0)","(0.0002901395782828331, 0.0005320596392266452, 4.178142611180441)"
"(260, 373)","(-35.3632612, 149.1652381, 9.57)","(-35.363249994140205, 149.16523529042206, 0)","(-0.002364091109484434, 0.0003559898177627474, 4.178238693867819)"
"(261, 375)","(-35.3632612, 149.1652381, 9.57)","(-35.36324982268737, 149.1652351119304, 0)","(0.003575837006792426, 0.0003048091602977365, 4.178179327641622)"
"(260, 375)","(-35.3632612, 149.1652381, 9.57)","(-35.363249876427155, 149.16523520764437, 0)","(0.00046122976345941424, 0.0004030574345961213, 4.178144041691915)"
"(260, 373)","(-35.3632612, 149.1652381, 9.57)","(-35.36324999592403, 149.16523529518142, 0)","(-0.0024805290158838034, 0.0004274221137166023, 4.178377691899435)"
"(260, 375)","(-35.3632612, 149.1652381, 9.57)","(-35.363249807903216, 149.16523515998912, 0)","(0.0033168350346386433, 0.00040940000326372683, 4.178224388753073)"
"(260, 375)","(-35.3632612, 149.1652381, 9.57)","(-35.363249887634936, 149.16523521235445, 0)","(0.00011151983926538378, 0.0003090825048275292, 4.178412739430563)"
"(260, 372)","(-35.3632612, 149.1652381, 9.57)","(-35.36325001540377, 149.16523529712677, 0)","(-0.0020315495785325766, 0.0001406019291607663, 4.178347651158468)"
"(259, 374)","(-35.3632612, 149.1652381, 9.57)","(-35.363249828224774, 149.16523520670484, 0)","(0.0030918873380869627, -0.00016690412303432822, 4.178404394780294)"
"(260, 373)","(-35.3632612, 149.1652381, 9.57)","(-35.36324991387826, 149.1652352035559, 0)","(0.001511584036052227, -0.00042007933370769024, 4.1783838907824915)"
"(261, 372)","(-35.3632612, 149.1652381, 9.57)","(-35.36325003287075, 149.16523525218327, 0)","(-0.0018471467774361372, 7.415973232127726e-05, 4.17843729654421)"
"(260, 374)","(-35.3632612, 149.1652381, 9.57)","(-35.36324981216327, 149.16523515866527, 0)","(0.0043557994067668915, 0.0003121290646959096, 4.178412262593405)"
"(261, 373)","(-35.3632612, 149.1652381, 9.57)","(-35.3632499108993, 149.16523519165978, 0)","(0.0018671981524676085, 0.0007764984620735049, 4.178445164357321)"
"(263, 372)","(-35.3632612, 149.1652381, 9.57)","(-35.3632500509749, 149.165235184562, 0)","(-0.0013513052836060524, 0.0008131275535561144, 4.178514544163839)"
"(263, 373)","(-35.3632612, 149.1652381, 9.57)","(-35.36324998912262, 149.16523506251193, 0)","(0.004486965015530586, 0.0006384809385053813, 4.17841869989504)"
"(263, 373)","(-35.3632612, 149.1652381, 9.57)","(-35.36325008425831, 149.1652351368911, 0)","(0.0004023349902126938, 0.00082127790665254, 4.178443495427267)"
"(263, 372)","(-35.3632612, 149.1652381, 9.57)","(-35.36325015673976, 149.16523518969623, 0)","(-0.001602998236194253, 0.0008305895607918501, 4.178587023411886)"
"(263, 375)","(-35.3632612, 149.1652381, 9.57)","(-35.36324994992429, 149.16523504459963, 0)","(0.003900956129655242, 0.0009040465811267495, 4.178497378026144)"
"(264, 374)","(-35.3632612, 149.1652381, 9.57)","(-35.36325009836194, 149.1652351059661, 0)","(-0.0006086115026846528, 0.0011637068819254637, 4.178537670766012)"
"(265, 372)","(-35.3632612, 149.1652381, 9.57)","(-35.363250206717325, 149.16523513579645, 0)","(-0.0023518488742411137, 0.0013151676394045353, 4.1786575953113)"
"(265, 376)","(-35.3632612, 149.1652381, 9.57)","(-35.363249970025464, 149.16523496693134, 0)","(0.0034049826208502054, 0.0013288805494084954, 4.178596083317892)"
"(265, 375)","(-35.3632612, 149.1652381, 9.57)","(-35.36325009895309, 149.16523505403387, 0)","(-0.0008791440050117671, 0.0012093780096620321, 4.17862588564028)"
"(265, 373)","(-35.3632612, 149.1652381, 9.57)","(-35.36325018929595, 149.1652351167087, 0)","(-0.0025616157799959183, 0.0011555681703612208, 4.178623501454489)"
"(265, 377)","(-35.3632612, 149.1652381, 9.57)","(-35.36324995115422, 149.16523493467867, 0)","(0.003442911198362708, 0.0008496366790495813, 4.178591791783468)"
"(265, 376)","(-35.3632612, 149.1652381, 9.57)","(-35.36325007018719, 149.16523501515476, 0)","(-0.0004280598077457398, 0.0007326250779442489, 4.178672377263204)"
"(264, 373)","(-35.3632612, 149.1652381, 9.57)","(-35.36325016618395, 149.16523513491515, 0)","(-0.0020560696721076965, 0.0006598205654881895, 4.178717915211813)"
"(264, 377)","(-35.3632612, 149.1652381, 9.57)","(-35.363249931418714, 149.1652349678681, 0)","(0.0036082046572118998, 0.000694889691658318, 4.178577009831564)"
"(264, 376)","(-35.3632612, 149.1652381, 9.57)","(-35.363250058213985, 149.1652350578358, 0)","(-0.0006596050807274878, 0.0006998932803981006, 4.178538386021749)"
"(264, 374)","(-35.3632612, 149.1652381, 9.57)","(-35.363250131335356, 149.16523510592438, 0)","(-0.001572335371747613, 0.000561640365049243, 4.178692642842428)"
"(264, 378)","(-35.3632612, 149.1652381, 9.57)","(-35.363249897116596, 149.16523493794568, 0)","(0.0041028656996786594, 0.0005309019470587373, 4.178759161625997)"
"(264, 376)","(-35.3632612, 149.1652381, 9.57)","(-35.3632500567218, 149.1652350530375, 0)","(-0.0005313570145517588, 0.0005874059861525893, 4.1786444822894495)"
"(264, 374)","(-35.3632612, 149.1652381, 9.57)","(-35.363250136458284, 149.16523511397295, 0)","(-0.0018444055458530784, 0.0006586587987840176, 4.178820912037985)"
"(264, 378)","(-35.3632612, 149.1652381, 9.57)","(-35.36324990097239, 149.16523494260255, 0)","(0.0038906275294721127, 0.0006221827352419496, 4.178486887608663)"
"(263, 376)","(-35.3632612, 149.1652381, 9.57)","(-35.36325003293839, 149.16523509441294, 0)","(-0.0004071693401783705, 0.0006828468758612871, 4.178713623677389)"
"(263, 374)","(-35.3632612, 149.1652381, 9.57)","(-35.3632501171759, 149.1652351540615, 0)","(-0.0018524304032325745, 0.0006605733069591224, 4.1787336508380335)"
"(264, 379)","(-35.3632612, 149.1652381, 9.57)","(-35.363249872576944, 149.16523492613757, 0)","(0.00399696733802557, 0.0006985717918723822, 4.178674761448995)"
"(264, 377)","(-35.3632612, 149.1652381, 9.57)","(-35.36325003134751, 149.16523503793945, 0)","(-0.0005033646011725068, 0.000693407142534852, 4.178679052983419)"
"(263, 374)","(-35.3632612, 149.1652381, 9.57)","(-35.36325010628183, 149.16523514373884, 0)","(-0.0013105383841320872, 0.0006184047088027, 4.178735081349508)"
"(264, 378)","(-35.3632612, 149.1652381, 9.57)","(-35.363249898777376, 149.16523494125445, 0)","(0.004104305524379015, 0.0006263321847654879, 4.1788368860827845)"
"(263, 376)","(-35.3632612, 149.1652381, 9.57)","(-35.36325004783444, 149.16523509892576, 0)","(-0.0008395409677177668, 0.0005695661529898643, 4.178782765065328)"
"(262, 374)","(-35.3632612, 149.1652381, 9.57)","(-35.363250079406725, 149.16523517891406, 0)","(-0.0009041526936925948, 0.000664862513076514, 4.178796831761495)"
"(266, 378)","(-35.3632612, 149.1652381, 9.57)","(-35.363249933625255, 149.16523485771387, 0)","(0.00431053014472127, 0.0006744092679582536, 4.178696457539694)"
"(263, 376)","(-35.3632612, 149.1652381, 9.57)","(-35.363250060066925, 149.16523511093217, 0)","(-0.0013545610709115863, 0.0006795720546506345, 4.178810421620504)"
"(262, 374)","(-35.3632612, 149.1652381, 9.57)","(-35.363250096814944, 149.16523519351406, 0)","(-0.0016704563749954104, 0.0007279730052687228, 4.178775612507955)"
"(264, 378)","(-35.3632612, 149.1652381, 9.57)","(-35.363249905650925, 149.16523494215107, 0)","(0.003913584165275097, 0.000573707977309823, 4.178675238286154)"
"(261, 375)","(-35.3632612, 149.1652381, 9.57)","(-35.3632500250626, 149.16523519059913, 0)","(-0.00046880662557668984, 0.000548393523786217, 4.178775612507955)"
"(261, 374)","(-35.3632612, 149.1652381, 9.57)","(-35.363250074849795, 149.16523523464735, 0)","(-0.0016471276758238673, 0.0007637061062268913, 4.178806606923239)"
"(265, 378)","(-35.3632612, 149.1652381, 9.57)","(-35.363249921764584, 149.16523490785536, 0)","(0.003832412650808692, 0.000731262902263552, 4.178745571766989)"
"(262, 376)","(-35.3632612, 149.1652381, 9.57)","(-35.36325003416558, 149.16523513750832, 0)","(-0.0010382294422015548, 0.0003919815644621849, 4.178777758275167)"
"(261, 374)","(-35.3632612, 149.1652381, 9.57)","(-35.36325009824344, 149.16523523616127, 0)","(-0.002487905090674758, 0.0003216993936803192, 4.178794209157125)"
"(261, 379)","(-35.3632612, 149.1652381, 9.57)","(-35.36324983807108, 149.16523504873464, 0)","(0.0032530594617128372, 0.0002679080353118479, 4.178870979939596)"
"(261, 375)","(-35.3632612, 149.1652381, 9.57)","(-35.36325007082992, 149.1652352151379, 0)","(-0.0023586677853018045, 0.0002968443150166422, 4.17874795595278)"
"(261, 374)","(-35.3632612, 149.1652381, 9.57)","(-35.36325006865315, 149.16523521574612, 0)","(-0.0012552449479699135, 0.00033092257217504084, 4.178813997899191)"
"(261, 378)","(-35.3632612, 149.1652381, 9.57)","(-35.36324985619378, 149.16523507061126, 0)","(0.0033859694376587868, 0.0005102894501760602, 4.178749386464254)"
"(262, 375)","(-35.3632612, 149.1652381, 9.57)","(-35.36325007776747, 149.16523517443093, 0)","(-0.001963823102414608, 0.000514501181896776, 4.178767029439108)"
"(261, 374)","(-35.3632612, 149.1652381, 9.57)","(-35.363250052406016, 149.1652352192887, 0)","(-0.0007636472000740469, 0.0007536918274126947, 4.17877179781069)"
"(264, 377)","(-35.3632612, 149.1652381, 9.57)","(-35.36324992896077, 149.16523497099314, 0)","(0.003700540866702795, 0.0008171913796104491, 4.17877704301943)"
"(263, 373)","(-35.3632612, 149.1652381, 9.57)","(-35.36325013253391, 149.16523517078983, 0)","(-0.0014431384624913335, 0.0008338687475770712, 4.178879563008444)"
"(263, 372)","(-35.3632612, 149.1652381, 9.57)","(-35.36325010962194, 149.1652351686336, 0)","(0.00034262260305695236, 0.001184675027616322, 4.178892676030294)"
